Timestamp,Name something parents miss about their pre-baby lives,Name something new parents constantly buy,Name an event parents do not want to miss in their child's life,Name something people do to entertain a baby,Name a good toy for a new baby,Name something that's cute when a baby does it but not when an adult does it,Name a reason the baby might be crying,Name something new parents will try to do when the baby's asleep,Name a place where people hope not to have a baby sitting near them,Name a situation you don't want to be in when your water breaks,"The parents just said ""oh no!"" ...what did the baby do?","If you could go back to being a baby for a day, name something you'd enjoy the most",Name something your partner does that's just like a baby,Name something you would not want a babysitter doing on the job,"Name something a baby shouldn't touch, but might try to"
4/5/2023 16:26:57,Sleep ,Diapers ,First steps ,Dance ,Empty water bottle ,Burp,Hungry ,Watch tv ,Airplane ,Shopping ,Diaper blowout ,Sleeping! ,Farts ,Sleeping ,Everything 
4/5/2023 16:28:28,Sleep,Diapers,First steps ,Peel a boo,Rattle,Poops,Hungry,Sleep,Airplane,Sex,Fall,Sleep,Cries ,Drinking,Everything 
4/5/2023 16:38:25,Free time ,Diapers,First steps,Peekaboo ,Rattle ,Farting,Tired,Have sex,Restaurant,Driving,Spit up,Sleeping as much as I want, Snacking all day,Drinking,Power cords
4/5/2023 16:40:47,Sleep!,Diapers,First steps,Peek-a-boo,Rattle,Pass gas,Hungry,Clean,Restaurants,In an elevator ,Blew out the diaper ,The baby swing ,No clue ,Drinking ,Power outlet 
4/5/2023 16:45:26,Sleeping in,Diapers and wipes,Their first steps,Make silly noises,Rattle or baby paper,Drools when giving a big smile,Baby is hungry ,Watch TV,Airplane,On the bus,Massive spit up,Snuggles,Eats frequently,Having people over,Daddy's laptop
4/5/2023 16:48:09,Sleep,Diapers,First steps,Sing,Rattle,Poops,Hungry,Vacuum,Restaurant ,In Bed,Explode,Naps,Sleeps,Sleeping,Electrical Outlet
4/5/2023 16:48:12,Sleeping In,Diapers,First word,Sing,Teething ring,Pooping their pants,Hungry,Clean,Airplane,Driving,Spit up,Sleeping all day,Drinks milk,TikTok ,Hot stove
4/5/2023 16:53:19,Sleep,Diapers,First words,Make silly faces,Rattle,Fart,Hungry,Clean,Airplane,Shopping,Blowout diaper,Naps,Whine,Smoking,Shoes
4/5/2023 16:57:07,Vacations,Wipes,First smile,Make silly faces,Teether ,Fart,Hungry,Play games,Fancy restaurant ,Driving,Spit up ,Having no worries ,Sleep,Smoking weed,Stove knobs
4/5/2023 16:59:33,Freedom,Diapers,First steps,Peek-a-boo,Crinkle books,Coos,Hungry,Clean,Airplane,Driving,Diaper blowout ,Having no responsibility ,Whines,Talking on the phone ,Hot stove
4/5/2023 16:59:56,Night life,Diapers,First steps,Read,Teether,Fart,Gas,Eat,Airplane,Sex,Diaper blowout,Sleep,Drool,Sleeping,Socket
4/5/2023 17:01:31,sleep,diapers,first word,play peek a boo,rattle,burp,hungry ,clean,airplane,at work,poop,sleeping,whine,drinking,outlet
4/5/2023 17:03:43,Sleep,Diapers,First steps ,Baby talk,Spoon,Poop their pants ,Hungry,Everything ,Airplane,On the bus,Spit up ,Sleeping,Poop a lot ,Drinking,Outlets
4/5/2023 17:03:55,Showering,Nappies,First steps,Peekaboo ,Teddy,Fart,Wet nappy ,Sex,Airplane ,Sex,Poo,Sleep,Fart,Smoking,Sockets
4/5/2023 17:04:54,Sleeping in,Coffee,First steps ,Funny faces/sounds ,Rattle ,Pooping face at mealtimes ,Hungry,Sleep,movie theater ,At work ,Diaper blowout ,Being carried around everywhere ,Gets hangry ,Snooping through drawers ,Literally everything 
4/5/2023 17:07:13,Sex,Wipes,First steps,Act silly,Spoons (anything that ISNT a toy),Open mouth kisses,Overstimulation,Shower,Airplane,Hiking,Took the diaper off,Food in demand,Random naps,Making TikTok’s ,Phone charger (wires)
4/5/2023 17:12:34,Sleep,Diapers,First steps,Funny faces,Teething ring,Farting,They're hungry,Sleep,An airplane,Public transportation,Fell down,Getting to nap all the time,Eat all the time,Drinking,A hot stove
4/5/2023 17:12:57,Sleep,Diapers,Birth,Sing,Contrast cards,Spit up,Hungry,Clean,Airplane,On a plane ,Blow out in public,Contact naps,Complain,Smoking,Breast pump tubing
4/5/2023 17:15:28,Sleep,Diapers,First steps,Sing,Teddy bear,Fart,Hungry,Clean,Airplane,Stuck in traffic,Poop,Naps,Nap,Drinking ,Everything 
4/5/2023 18:01:54,Sleep,Diapers,First day of school,Dance,Rattle,Poop their pants,Hungry,Nap,Airplane,At work,Spit up,Cuddling,Whine,On phone,Knives
4/5/2023 18:18:14,Sleeping in,Diapers,First steps,Peekaboo,Rattle,Farting,Hungry,Sex,Airplane,In traffic,Spit up,Naps,Laughing at farts,Watching TV,Cell phones
4/5/2023 18:23:36,Sex,Diapers,First words,YouTube,The kick piano thing! ,Farts,Hungry,Sleep,Strip Club,Strip Club 😂,Blowout,Sleeping 20 hours a day ,Loves the boob ,Drinking,The dog’s tail
4/5/2023 18:28:38,Date Nights,Diapers,First steps,Shake a rattle,Mirror,Farts,Hungry,Eat,Plane,Shopping,Pooped,Sleeping,Make messes,Drinking,Knife
4/5/2023 18:28:50,Sleeping in,Diapers,First steps,Sing songs,Animal blankie,Fart,Wet diaper,Housework,Movie theatre,Work,Poop during changing,Being cuddled,Wants boobs,Sleeping through cries,Dog food
4/5/2023 18:30:23,Sleep,Diapers,First steps,Sing,Fisher Price Kick and Play,Farts,Hungry ,Clean ,Airplane ,Grocery shopping,Diaper blow out ,Sleeping ,Deep sleeper,Sleep,Knives 
4/5/2023 18:31:50,Regular showers,Diapers ,First words,Sing,Kick and play piano ,Fart,Sleepy,Eat,Airplane,Work,Blowout,Being catered to,Stretch ,Drinking,Dog food
4/5/2023 18:32:50,Sleep ,Diapers,First laugh ,Sing,Rattle,A big yawn ,Hungry ,Watch tv,Airplane ,At work ,Spit up ,Snuggles ,Nothing ,Smoking ,Cats
4/5/2023 18:42:45,Nights out,Sleep products for baby,Wedding ,Dance,Rattle,Burping,Hungry,Shower,Restaurant,Traffic jam,Diaper blowout ,Sleep,Wants snuggles ,Drinking,Hot stove 
4/5/2023 18:43:13,Watching TV,Take out ,First steps ,Make silly faces ,Rattle ,Pooping ,Sleepy ,Sleep ,In a bar ,In an airplane ,Dropped something ,Sleeping ,Picky eater ,Using their phone ,Electrical outlet 
4/5/2023 18:44:44,Sleep,Diapers,First steps,Make faces,Mobile,Fart,Hungry ,Do laundry ,Airplane,At work,Blowout poop,Sleep whenever ,Whine,Sleeping ,Inside my mouth
4/5/2023 18:44:50,Sleep,Nappies/diapers,First steps,Sing,Rattle,Breaks wind ,It's hungry ,Sleep,A plane,The supermarket ,Vomit,Cuddles,Sleeps a lot,Drinking,The plug socket
4/5/2023 18:45:17,Eating at a restaurant ,Diapers ,First words ,Dance,Rattle ,Poops,Dirty diaper ,Bathe ,Airplane ,At work ,Pooped through their clothes ,Napping ,Sleeps ,Smoking ,Coffee cup 
4/5/2023 18:48:01,Sleep,Diapers,First Steps,Make silly noises,Rattle,Fart,Hungry,Sex,Movies,At work,Spat up,Being held,Likes having his head scratched,Sleeping ,Electrical socket 
4/5/2023 18:49:59,Sleep,Diapers,Birthdays,Sing,Pacifier,Play with food,Hunger,Relax,Movie theater,Hiking,Crap his pants,Stroller ride,Liking boobs,Smoke,Electrical outlet
4/5/2023 18:50:17,Sleeping through the night,Diapers,Saying their first word,Make funny noises/faces,Rattle,Fart,Has,Sleep,Plane,Plane,Throw up,No responsibility ,Gets hangry,Smoking,Hot plate
4/5/2023 18:52:28,Sleep,Diapers ,The birth,Peek a boo,Rattle,Farting,Gas,Sleep,A roller coaster,On an airplane,Have a diaper blowout,No responsibilities ,Get cranky when hungry ,Dying ,Everything dangerous 
4/5/2023 18:54:41,Sleep,Diapers,First steps,Baby talk,Lovey,farting,hungry,sleep,movie theater,traffic,spit up,sleep,cries,sleeping,tv
4/5/2023 19:05:35,Going to the movies,Diapers,First time walking ,Bright lights and happy songs,Fisher Price piano kick matt,Poop then smile and laugh,Hungry,Sleep,Airplane,"Large event (concert, convention, etc)",Diaper blowout,Instantly falling asleep,Baby talk,Having friend/dates over ,My hair
4/5/2023 19:05:49,Doing nothing!,New baby clothes,First word,Baby talk,Rattle,Fart,Hungry,Clean,Airplane,In the car,Poop,Sleep ,Sleep soundly!,On their phone,Electrical outlets/ cords
4/5/2023 19:05:56,Alone time ,Clothes,Walking / first steps,Read ,Dancing Cactus,Poops on someone,Hungry,Wash dishes,Restaurant ,Grocery shopping ,Ate something off the floor,Being carried ,Watches moving objects,Sleeping ,Wall outlet 
4/5/2023 19:06:08,Spontaneous going out,Diapers ,Birth,Give them their keys,The package it came in 😂,Public nudity,Hungry,House chores,Airplane ,On a boat,Blowout poop,Sleeping/napping,Whine,Sitting on their phone ,Kitchen knives 
4/5/2023 19:10:25,Sex,Diapers,Birthdays,Sing,Rattle,Fart,Hungry,Shower ,Airplane,Work,Lost a pacifier,Sleep,Fart,Playing on phone ,Outlet
4/5/2023 19:11:18,Restaurants,Diapers,First steps,Read books,Rattle,Snore,Pooping,Eat,Plane,Traveling,Wake up,Napping,Sleep,Sleeping,Pets
4/5/2023 19:15:45,Sleep,Diapers,First words,Make faces,Rattle,Fart,Hungry,Sleep,Airplane,Working,Poop,Playing,Fart,Drugs,Oven
4/5/2023 19:22:02,sleep,wipes,first smile,peek a boo,Mom,Cry,wet diaper,watch a movie ,restaurant ,stuck in traffic,exploded their diaper,being fed when I yelled ,farts,drinking,anything they can choke on 
4/5/2023 19:25:56,Privacy,Diapers ,First word ,Tv ,Rattle,Slobber,Hungry,Sleep,Airplane,Grocery store,Blow out,Sleep,No housework,Meth,Outlet
4/5/2023 19:27:45,Sleep,Diapers,First steps,Sing,Books,Toots,Hungry,Laundry,Restaurants,Traffic,Ate something ,Being swaddles ,Snores,Smoking,Outlets
4/5/2023 19:28:06,Sleep,Diapers,Walking,Make faces,Rattle,Farts,Hungry,Sex,Restaurant ,At work,Blowout,Sleeping,Whines,Drinking,Stove
4/5/2023 19:32:11,Sleep,Diapers ,Wedding,Baby talk ,Contrast book,Poop faces,Hungry,Sleep,Airplane,Airplane,Poop explosion,Sleep,Snore,Sleeping ,Outlet
4/5/2023 19:34:10,Casino,Diapers,First words,Sing,Play mat,Farts,Hungry,Have sex,Restaurant,At the dentist,Blowout,Cuddles,Cuddles,Drugs,Dogs butt
4/5/2023 19:36:35,Sleep,Diapers,First steps,Coo at them,Rattle,Farts,Hungry,Sleep,Restaurant ,Being pulled over,Threw up,Sleep,Poops,Drinking,Hot stove
4/5/2023 19:37:36,Sleep,Diapers,Anything,Dance,Black and white cards,Toots,Lonely,Watch tv,Airplane,Shopping,Fell,Sleeping whenever I want,Eats,Drinking,Hot coffee
4/5/2023 19:39:32,Going to the movies,Diapers,First steps,Act silly,Sophie the giraffe,Sneeze in your face ,Hungry,Sleep ,At the movies,On an airplane ,Blow out their diaper!,Having all my needs catered to,Pout,Sleeping ,My glasses
4/5/2023 19:40:58,Free time,Diapers,First birthday ,Read,Ceiling fan ,Farts,Hungry ,Sleep,Airplane ,On an airplane ,Stinky poop,Sleeping,Sleeping ,Sleeping,A knife 
4/5/2023 19:44:15,Sleep,Diapers,First step,Coo,Rattle,Poops their pants,Hunger,Sleep,Airplane,Bed,Spit up,Doing nothing,Falls asleep anywhere ,Texting,Flame
4/5/2023 19:46:06,Going to movies ,Take-out,First steps,Sing and dance ,Kick & play piano,Eating yogurt without a spoon ,Global warming,Have sex,Airplane,Hang gliding ,Tip over the cats water dish,Napping!,Farts,Sleeping,"The cats butthole, fire, literally everything "
4/5/2023 19:49:23,Date Night!,Wipes!,First Word!,Dance!,Crinkly Toys!,Poop their pants!,Tired!,Eat Dinner!,Library!,Sex!,Spit up!,Sleepy Cuddles!,Fart!,Sleeping!,Daddy’s nipples!
4/5/2023 19:50:41,Date night,Diapers,Crawling,Make faces,Lovevery,Farts,Hungry,Wash bottles,Airplane,Anywhere but home,Blowout,Sleeping,Sleep position,Drinking,Mom’s Hair
4/5/2023 19:54:11,Free time,Diapers,First word,Make faces,Play mat,Fart,Hungry,Have sex,Airplane,In traffic,Diaper blowout,Sleep,Makes weird noises,Leaving,Power outlet
4/5/2023 19:57:35,Sleep,Diapers,1st bday,Dance,Mom and dad,Loud poops,Wind changed,Vacuum,Airplane,Stuck in drive thru,Blowout poop,Unlimited naps,Sleep position ,Sleeping,Electrical outlet
4/5/2023 20:01:58,Sleep,Diapers,First word,Make faces,Rattle,Fart ,Hungry,Sleep,Airplane ,At the theater,Spit up,Not having to work,Gets grumpy when tired,Throwing a party,Stove 
4/5/2023 20:09:39,Sleep,Diapers,First steps,Act silly,Rattle,Farts,Hungry,Clean up,Airplane,In traffic,Fell down,People carrying me around,Makes a mess,Texting,Hot oven
4/5/2023 20:10:11,Freedom,Diapers,First Stepz,Sing songs,Teether,Farts,Hungry,Sleep,Restaurant ,At work,Blowout Diaper,Being carefree ,Farts,Smoking,Knife/cooking utensils  
4/5/2023 20:12:12,Sleep,Diapers,First steps,Sing,Rattle,Fart,Hungry,Sleep,Restaurant ,The Gym,Throw Up,Sleep,Fart,Drinking Alcohol ,Outlet
4/5/2023 20:12:36,Sleep ,Diapers ,First steps ,Funny faces ,Rattle ,Fart ,Hungry ,Shower ,Airplane ,Standing on white carpet ,Shat everywhere ,Naps ,Is excited to see the dog ,Drugs ,Glasses 
4/5/2023 20:14:29,Sleep,Diapers,Birthday,Bounce,Rattle,Fart,Hungry,Sleep,Airplane,Grocery shopping,Peed on them,Swing,Fart,Hooking up,Electrical outlet
4/5/2023 20:18:16,Sleep,Diapers,Wedding,Peek a Boo,Crib mobile ,Burp,Hungry,Sleep,Airplane,At work ,Spit up,No responsibilities ,Eats a ton! ,Falling asleep ,Electrical outlet
4/5/2023 20:21:10,Sleep,Baby swaddles/sleep sacks,First steps,Silly faces,Crinkle paper,Farts,Hungry,Prep bottles/pump,The toilet,In the car,Grabbed DVDS off the shelf,Not having to worry about my own self-care,Side eye,Drugs,Poo
4/5/2023 20:22:36,Un-Interrupted sleep,Diapers,First smile,Peek-a-boo,Rattle,Farts,Hungry,Sleep,Airplane ,In a pool,Hit their head,Being carried around ,Farts,Drugs,Outlet 
4/5/2023 20:23:17,Sleep,Diapers,First steps,Peek a boo,Rattle,Fart,Hungry,Sleep,Airplane ,Airplane,Blow out poop,Sleeping ,Sleep,Smoking,Hot coffee cup
4/5/2023 20:23:17,Being spontaneous,Diapers,All of them,Make faces,Activity mat,Farts,Hunger,Sleep,Airplane,At a restaurant,Diaper blowout ,Sleep,Massive blowout,Sleep,Stove 
4/5/2023 20:26:57,Quiet,Diapers,First word,Silly faces,Sophie the giraffe,Fart,Hungry,Sleep,Airplane,At work,Blow out,Sleeping,Fart,Drinking,Dog tongue
4/5/2023 20:29:05,Sleep ,Diapers ,"The ""firsts""",Blow raspberries ,Rattles,Farts,Gassy,Sleep ,Restaurant ,Be at work ,Blowout diaper ,Contact nap ,Fall asleep anywhere ,Sleep ,Window blinds 
4/5/2023 20:29:51,Freedom,Diapers,First steps,Talk baby talk,A rattle,Farts,They are hungry,Clean,Airplane,At work,Spit up,Sleeping,Snores,Drinking,Outlet
4/5/2023 20:33:33,Sleep,Wipes,First steps,Silly faces,Rattle,Poop,Hungry,Clean,Plane,Plane,Cry,The little things,Sleep,Drugs,Outlet
4/5/2023 20:33:42,Paties,Diapers ,First words,Make funny faces ,Rattle ,Farts,Hungry ,Sleep,Airplane ,Airplane ,Pooped on the floor,Sleeping all day ,Farts a lot,Drugs,Stove top 
4/5/2023 20:39:47,Dates,Diapers,First steps,Sing / Lullaby ,Rattle,Babbles,Dirty diaper,Nap,Airplane,In a store,Throw food,Nap time,Whine,Napping,Stove
4/5/2023 20:40:10,Sleep,Diapers,First steps,Make funny faces,Fisher Price Kick and Play Piano,Fart,Hungry,Sleep,Airplane,At work,Blowout diaper,No responsibilities ,Poops a lot,Drinking,Outlets
4/5/2023 20:41:03,Sleep,Diapers,First steps,Peek-a-boo,O-ball rattle,Farts,Hungry,Sleep,Airplane,Vacation,Big spit up,Seeing everything for the first time,Makes messes,Ignoring the baby on their phone,Outlet
4/5/2023 20:42:26,Sleep,Baby clothes ,First steps,Silly sounds,Kick piano,Toot,Dirty diaper,Each other ,Movie theater ,Fancy restaurant ,Blowout ,Baby snuggles,Stare at boobs,Drinking ,Outlet 
4/5/2023 20:42:44,Sleep,Wipes,First words,Make silly faces,Kick N Play,Fart,Overtired,Eat food,Plane,Dentist,Have a blow out,Sleeping,Move a lot in sleep,Smoking,Everything
4/5/2023 20:42:53,Going out without a baby—only the parents,Diapers,First word,Silly noises,Mat with toys hanging,Fart,Hungry,Eat,Restaurant,Shopping,Poop everywhere,Doing nothing,Asks for food,Sleeping,Cords
4/5/2023 20:45:29,Sleep,Pacifiers,First steps,Funny faces,Empty box,Run around naked,Hungry,Laundry,Airplane ,Concert,Eat dirt,Being carried ,Farts,Smoking,Eye glasses 
4/5/2023 20:46:29,Food,Wipes,Smile,Sneeze,Their hands,Pooping,Tired,Sleep ,Nowhere babies are great ,At work ,Licked something ,Big naps,Be cute ,Crying,Hair
4/5/2023 20:46:41,Freedom,Cute baby clothes,First steps,Peekaboo,Rattle,Burps,Hungry,Sleep,Restaurant ,At work,Spit up,Naps,Messy eater,Smoking,Stove
4/5/2023 20:47:53,Money,Formula ,First steps ,Peek a boo,Soft blanket ,Breastfeeding ,Poop in diaper ,Sex,Restaurant ,Boss’s office ,Throw food ,Napping ,Poop all day ,Drinking ,Poopy diaper 
4/5/2023 20:51:07,Sleep,Diapers,First steps ,Sing ,Sophie le giraffe,Fart,Hunger,Sleep,Plane,Vacation ,Poop explosion,Cuddles,Burp,Sleeping,Hair
4/5/2023 20:52:28,Partying,Diapers,Graduation,Act a fool,Rattle,Grab boobs,Hungry,Sexy time,Airplane,In prison,Fell,Nothing,Sleep position,Sleep,Drugs
4/5/2023 20:55:43,Silence ,Clothes,Anything/everything ,Silly faces,Kick n play ,Fart,Gas,Sleep,Movie theatre,Camping ,Blasted poop across changing table ,The snuggles ,Gets fussy when overtired,Drinking,Fire/open flame 
4/5/2023 20:59:52,Sleeping ,Diapers,First steps,Make silly faces ,Fisher Price Kick n’ Play Piano (IYKYK),Screech-laughs,Hungry ,Shower,Airplane :/,On a work call,Had a blowout ,Being snuggled and fed on demand ,Sleep in weird places ,Smoking ,The dog’s food
4/5/2023 21:01:16,Sleep,Diapers,First steps,Shake keys,Rattle ,Farts,Hungry,Clean,Airplane,Driving,Blow out,Cuddles,Cuddles,Smoking,Electrical socket
4/5/2023 21:03:15,Freedom,Diapers,First steps,Dance,Keys,Farting ,Wet,Laundry,Restaurant ,Grocery store,Peed on them,NAPS,Whines,Sex,Stove
4/5/2023 21:03:17,Free time ,Diapers,First steps,Sing,Piano,Farts,Hungry ,Sleep,Airplane ,Airplane ,Spit up ,Sleeping ,Snore,Drugs ,Oven
4/5/2023 21:05:35,Alone Time ,Diapers,First word,Make funny faces,Teether ,Drools,Tired,Sleep,A bar,Grocery store,Spit up,Sleeping ,Sleeps,Smoking ,Electric outlet
4/5/2023 21:06:07,Sleep,Diapers,Graduation ,Peekaboo ,Crinkle paper ,Fart,Hungry ,Sleep ,Airplane ,At work ,Peed himself during diaper change,Being held ,Wants boobs,Drinking ,Wall outlet 
4/5/2023 21:08:54,Sleep,Diapers,Birth,Sing,Stuffed animal,Fart,Hungry,Clean,Movie,In public,Spit up,Bath time,Whine,Drugs,Litter box
4/5/2023 21:10:56,Sleep,Diapers,First steps,Sing,Rattle,Burp,Tired,Sleep,Airplane,Meeting,Spit up,Naps,Fart,Sleeping ,Stove
4/5/2023 21:11:24,Sleep,Diapers,First birthday ,Make weird sounds,Teddy,Fart,Hungry,Shower ,Airplane ,Driving car,Spit up,Sleep ,Burp,Sleep,Stove 
4/5/2023 21:11:43,Drinking,Diapers,First birthday,Read books,Stuffed animals,Fart,They’re teething,Have sex!,Restaurants ,Jury duty,Poop everywhere!,TV,Fart,Doing drugs,Knives
4/5/2023 21:14:44,Sleeping ,Diapers,First steps,Singing,Rattle,Fart,Gas,Sleep,Airplane,At work,Blowout,Snuggles,Want feeding ,Smoking,Electric sockets
4/5/2023 21:14:50,Flexible schedule ,Diapers,First steps ,Bounce,The fan,Pooping,Cold,Dishes,COVID ward,My own bed,Blow out,Naps,Is bald,Their boyfriend in the shower,Poop
4/5/2023 21:16:53,Freedom,Diapers,First step,Make faces,Stacking cups,Farting,Hungry,Rest,Nice restaurant,On an airplane,Had a blowout,Playing in dirt ,Whines,Drinking,Iron
4/5/2023 21:17:46,Sleep,Diapers,First steps,Sing,Rattle,Spit up,Hungry,Sex,Restaurant ,At work,Roll over,Sleep,Snore,Drinking,Outlets
4/5/2023 21:18:10,Sex,Diapers,First words,Funny noises,Rattle,Fart,Fart,Sleep,Airplane ,Public Speaking,Spit up everywhere ,Being held,Fart,Sleep,His own eyeball
4/5/2023 21:18:26,Sleeping in,Diapers,First word,Sing,Crinkly book,Farts,Tired,Sleep,Plane,Working,Have a blowout diaper,Being fed on demand,Doesn't pick up his dirty clothes,Drinking ,Outlets
4/5/2023 21:21:46,Spontaneous ,Diapers,Wedding,Silly faces,Baby einstein music toy,Fart,Hungry,Sleep,Restaurant ,Running errands,Blowout,Sleep,Poop,Drinking/smoking,Wires
4/5/2023 21:22:37,Sleep,Clothes,Birth,Silly voices,Teddy bear,Farts,Teething,Housework,Airplane,Airplane,Vomited,Sleeping,Drinks,Drugs,Electrical outlets
4/5/2023 21:22:42,Sleeping all night,Diapers,First word,Read stories,Teethers,Fart,Hungry,Clean,Airplane,Anywhere in public,Diaper blowout,Having someone else do everything for me,Sleep,Drugs,Power outlet
4/5/2023 21:24:26,Sex ,Diapers,First sports game ,Play peekaboo ,Rattle,Shit themselves ,No reason ,Fuck ,Plane,Driving ,Spit up ,Sleeping ,Cry ,Making TikTok’s ,Glasses 
4/5/2023 21:25:14,Sleep,Diapers,First steps,Peek a Boo,Rattle,Fart,Hungry,Clean,Airplane,Work,Poop blow out,Naps,Farts,Smoking ,Electrical outlet
4/5/2023 21:25:16,Freetime,Diapers,First steps,Sing,Ceiling fan,Cry when they're hungry,Over tired,Sleep,Airplane,On a friend's couch,Spit up everywhere,Sleep,Eats constantly ,Drugs,Outlet
4/5/2023 21:25:53,Sleeping in,Diapers,First steps,Make funny faces,Rattle,Farts,Hungry,Sleep,Movie theater,Driving,Diaper blow out,Napping,Snores,Drinking,Electrical outlet
4/5/2023 21:31:40,Spontaneity ,Diapers,First steps,Sing,Mirror,Farts,They’re too tired,Wash bottles/pump parts,Airplane,At work,Spit up,So many naps,Get cranky when hungry ,Drinking,Electronics
4/5/2023 21:31:56,Sleep,Diapers,Talking,Give them keys,Rattle,Fart,Hungry,Sleep,Plane,Car,Diaper blowout,Sleep,Cry,Smoking,Stove
4/5/2023 21:32:59,Sleep,Cute clothes ,First laugh ,Make faces,Rattle,Farts,Put down in crib,Sleep,Movies,Traveling ,Blowout diaper,Riding in a stroller,Sleeps,Drinking,Cat box
4/5/2023 21:33:20,sleep,diapers,birthday,funny faces,rattle,farts,dirty diaper,sleep,restaurant,in the car,poop explosion,sleep,cries,hanging with friends,sharp stuff
4/5/2023 21:33:26,Sleep,Diapers,First word,Sing songs,A mirror,Farts,Hungry,Sleep,Dinner,At the office,Spit up,Cuddles ,Cries,Sleeping,Outlet
4/5/2023 21:34:50,Traveling,baby clothes,First steps,Silly faces ,Mirror,Farts,Hungry ,Eat,Movie theater,Airplane ,Spit up,Stroller,Likes boobies ,Smoking,Oven
4/5/2023 21:34:56,Sleep,Diapers,First steps,Sing,Rattle,Pass gas,Hungry ,Sleep,Airplane,At work,Fell ,Not going to work,Whines ,Drugs,Electrical outlet
4/5/2023 21:35:27,Sleeping in ,Diapers ,First word,Sing ,Rattle ,Fart ,Hungry ,Eat ,Plane ,In public ,Poop ,Sleep ,Cranky when hungry ,Drinking ,Hot coffee
4/5/2023 21:40:54,Sleep,Diaper cream spatulas,First words,Peek-a-boo,Bath toy ,Breastfeed ,Too much noise,Watch TV uninterrupted,Movie theater,Airplane,Diaper blow out ,Napping all day,Fart freely,Distracted with their phone ,The dog’s butthole
4/5/2023 21:42:28,Sleep,Diapers,First steps,Make funny faces,Teddy bear,Farts,Tired,Sleep,Airplane,Cooking a turkey,Threw up,Napping,Sleeps,Meth,Electrical outlet
4/5/2023 21:44:05,Date Night,Formula,First step,Sing,Stacking cups,Poops their pants,Hungry,Sleep,Plane,At work,Spit up,No responsibilities ,Sleeps,Vaping,Outlets
4/5/2023 21:46:40,Going out ,Diapers ,Birthday,Dance ,Skip-hop entertainment center,Fart ,Hungry ,Sleep,Airplane,Driving,Pooped,Naps,Farts,Snoop,Stove
4/5/2023 21:46:55,Free time,Diapers,Birth ,Peek a boo,Plushie,Drool,Dirty diaper,Rock,Plane,On a plane,Spit up,The lack of worry about adult responsibilities ,Drink,Hooking up ,Pets
4/5/2023 21:47:08,Video games ,Take out ,Wedding,Peekaboo ,Rattle,Burp,Gotta poop,Bone,Movie theater,In public ,Baby threw up ,Naps,Spills food,Sleeping ,Electric outlet 
4/5/2023 21:48:10,Freedom,Diapers,Birth,Ms Rachel,Rattle,Fart,Hunger,Sleep,Airplane ,Airplane ,Threw up,Sleep,Whine,Drinking,Fire
4/5/2023 21:48:42,Dinner out ,Diapers,First steps,Make faces,Rattle,Screaming,Hungry,Shower,Airplane,Rollercoaster,Filled a diaper,Napping,Farts,Her boyfriend,Electrical outlet
4/5/2023 21:49:58,Sleeping in,Baby clothes ,First steps ,Sing,Rattle,Blows raspberries ,They’re hungry,Clean the house ,Airplane,At work,Spit up,Napping,Whines,Smoking,Electric cords/plugs/outlets
4/5/2023 21:50:35,Sleep,Diapers,Wedding,Peekaboo ,Teether,Fart,Hungry,Sleep,Movies ,Work,Blowout ,Cuddles,Farts,Drinking,Stove
4/5/2023 21:51:45,Sleep,Diapers,First words,Funny faces,Rattles,Fart,Hungry,Sleep,Airplane,At work,Peed on changing table,Sleeping all day,Sneeze,Drinking,Dog
4/5/2023 21:51:48,Sleep,Takeout,First steps,Talk to them,Fisher Price kick piano,Toot ,Hungry,Sleep,Airplane,Airplane,Big blowout diaper,Snuggles with mom,Smile ,Sleeping,Stove
4/5/2023 21:52:03,Sleep,Diapers,First steps,Sing,Rattle,Eats,Hungry,Sex,Plane,Camping ,Spit up ,Be carried around,Cries,Drinking,Hot plates 
4/5/2023 21:52:57,Sleeping in,Diapers,First words,Sing,Stacking rings,Makes a mess,Tired,Sleep,Airplane,At work,Throw up,Playing all day,Drool,Drinking,Outlet
4/5/2023 21:54:08,sleep,diapers,first words,sing,sophie,farts,poop,sleep,airplane,grocery store,blow out,sleep,burp,drink,outlet
4/5/2023 21:54:21,Privacy,Wipes,Wedding,Make faces,Stacking cups,Puke,Gas,Sex,Movies,Car,Poopsplosion ,Naps,Sleep,Drinking,Hair straightener 
4/5/2023 21:54:28,Sleep,Diapers,First Words,Sing,Rattle,Farts,Hungry,Sleep,Airplane ,Home Alone,Pooped,Sleeping,Snores,Sleeping,Oven
4/5/2023 21:55:47,Sleep,Nappies,First steps,Dance,Rattle,Farts,Hungry,Movie,Cinema,Driving,Pooped,Sleep,Farts,Drugs,Stove
4/5/2023 21:56:14,Sleep,Diapers,First birthday ,Peek a boo,Play gym,Fart,Hungry ,Shower,Airplane,Out of the house,Diaper blow out,Lots of sleep ,Fart,Smoking,Electric outlet
4/5/2023 21:57:29,Sleep,Diapers,Birth,Peekaboo,Rattle,Poops their pants,Hunger,Sleep,Airplane,Work,Fall,No job,Whines,Drinking,Stove 
4/5/2023 21:58:14,Being on time,Clothes,First birthday,Peek a boo,Playgym,Farts,Hungry,Sleep,Airplane,In a crowded space,Rolled off their mat,Having no responsibilities ,Gets angry when overtired,Sleeping,Cables
4/5/2023 22:00:28,Sleep,Diapers,First steps,Make silly faces,Rattle,Blow spit bubbles,Trapped gas,Clean,The bathroom,Working,Blowout,Being held all the time,Makes a mess while eating,Watching inappropriate tv,Outlets
4/5/2023 22:01:20,Sleep,Coffee,First steps,Read ,Rattle,Fart,Tired,Sleep,Plane,Work,Dropped food,Stroller,Make mess,Phone,Remote
4/5/2023 22:01:25,Sleep,Diapers,All of them,Sing,Anything crinkley,Fart,Hungry,Clean,Airplane ,Sex ,Spit up ,Being cozy ,Whine,Playing on their phone,Litter box 
4/5/2023 22:01:29,Sleep,Wipes,First smile,Make funny faces,Blocks,Drools,Hungry,Sleep also,A plane,Grocery shopping,Had a blowout,Getting carried around,Burps,Drinking,The stove
4/5/2023 22:02:33,Sex,Diapers,Graduation(s),Sing to them,Contrast cards,Pterodactyl shrieks,They're hungry,Shower,On an airplane,Giving a presentation,Had a blowout,Constant playtime,Poops,Drinking,The stove
4/5/2023 22:03:37,Sleep,Diapers,Everything,Sing,Rattle,Fart,Hungry,Eat,Plane,At work,Grab something,Sleeping,Fart,Inviting friends over,Knife
4/5/2023 22:04:37,Sleep ,Diapers,First word,Peekaboo ,Rattle,Roll around,Hungry,Sleep,Airplane ,In the middle of a work presentation ,Have a blowout,Naps ,Cry when hungry ,Go on their phone ,Outlets
4/5/2023 22:05:14,Sleep,Diapers,First steps ,Peek a boo,Rattle,Drools,Hungry,Sleep,Bus,Spin class,Fall,Sleep,Laughs,Smoking,Dogs food
4/5/2023 22:05:29,Sleep,Takeout,First steps,Peek a boo,Rattle,Fall asleep while eating,Hungry,Clean,Airplane ,Driving,Blow out,Sleeping,Spills food/drinks,Sleeping,Outlets
4/5/2023 22:05:57,Sleep,Diapers ,Doctor appointment ,Sing songs,Black and white book ,Fart,Too tired ,Wash bottles,Bathroom ,At work ,Spit up ,Stroller ride ,Startles at noises ,Sleeping ,Everything 
4/5/2023 22:06:43,Sex,Diapers,Birthdays ,Peekaboo ,Activity mat,Spit bubbles,Hungry,Sleep ,Restaurant,Flying/airplane ,Blow out diaper,Sleeping ,Cuddles ,Smoking,Pet bowls
4/5/2023 22:08:47,Alone time,Diapers ,Birthday ,Silly noises ,Rattle ,Pee/poo,Hungry,Sleep,Plane,Stage performance ,Spit up,Sleeping whenever,Fart loudly ,Smoking ,Outlet 
4/5/2023 22:11:30,Sleep,Takeout,First word,Sing,Rattle,Fart,Hungry,Clean,Airplane,Movie theater ,Spit up,Naps,Whine,Smoking,Plunger
4/5/2023 22:14:08,Good sleep ,Diapers,First steps,Make funny noises,Rattle,Picking their noise,Hungry,Sleep,Doctors office,At work,Fell down,Being carried,Get upset,Texting,Trash can
4/5/2023 22:15:30,Sleep,Diapers,Walking ,Sing,Rattle,Farting ,Hungry,Sleep ,Airplane,Traveling,Spit up,Naps,Naps,Smoking,Ceiling fan
4/5/2023 22:19:06,Freedom,Diapers,First steps,Peek-a-boo,Mirror,Fart,Hungry,Watch tv,Airplane,Grocery shopping,Diaper blowout,Sleeping in your parents arms ,Sleep,Having people over,Stove
4/5/2023 22:19:15,Sleep,Diapers,First steps,Sing,Plush,Fart,Hunger,Sleep,Plane,In a meeting,Spit up,Sleeping all day,Dirty their clothes when eating ,Hanging out with friends,Our food
4/5/2023 22:21:02,Sleep,Nappies ,First steps,Sing,Mirror,Farts,Gas,Sleep,Movie theatre ,On a plane,Nappy blowout,Sleeping,Burps,Drinking,Poop
4/5/2023 22:26:08,Sleep,Baby clothes,First words,Read to them,Kick and Play piano,Farts,Hungry,Sleep,Airplane,Having sex,Spit up,Being cuddled,Gets easily distracted,Drinking,The stove
4/5/2023 22:26:30,Traveling ,Diapers,Birthday,Sing,Teethers ,Fart,Hungry,Chores,Airplane,Shopping,Had a blowout,Contact naps ,Stretches,Sleeping,Wires
4/5/2023 22:26:58,Sex,Diapers,Birthday ,Dance,Rattle,Fart,Hungry,Shower,Airplane,On a cruise ,Spit-up,Sleeping,Burps,Drinking,Stove
4/5/2023 22:28:08,Going out with friends ,Wipes,Wedding,Peek-a-boo,Teething ring,Chew on their fingers ,Gassy,Sleep,Restaurant ,At work,Pooped everywhere ,Being carried around ,Asking for help,Drinking ,Coffee
4/5/2023 22:29:29,Sleep,Diapers,First steps ,Jingle keys,Rattle,Burp,Hungry,Eat,Movie theater ,On an airplane ,Shit through onesie,Snuggling,Poops a lot,Drinking,Cat butthole 
4/5/2023 22:30:48,Spontaneous travel ,Dock a tot,Birthday,Make funny sounds,Fisher price piano gym,Poops everywhere,Hungry,Sleep,Airplane,Hours away from a hospital,Spit up,Being pushed around in a cozy stroller,Poops all day,Drinking,Outlet
4/5/2023 22:31:03,Sleep,Diapers,First birthday,Sing,Soft plush toy,Touches your face ,Tired,Relax,Resteraunt ,On a cruise,Spit up,Sleep,Sleeps,Sleep,Phone
4/5/2023 22:34:11,Sleep,Diapers,First word,Dance,Teether,Eat their toes ,Hungry,Shower,Airplane,Work,Peed/pooped during changing,Cuddles,Smiles,Ignoring the baby ,The fan
4/5/2023 22:34:32,Staying out late,Diapers,First steps,Peek a boo,Rattle,Sneeze,Hungry,Eat,Airplane,Job interview,Spit up,Napping,Napping,Napping,Her own eyes
4/5/2023 22:35:05,Sleep,Formula,First laugh,Sing,O ball,Stick their fingers in your mouth,Hangry,Catch up on Netflix,Airplane,Hair color appointment,Blowout,Discovering feet,Needs food every 2 hours,Drinking,Hot oven
4/5/2023 22:35:27,Sleep,Diapers,Birth,Sing,Book,Poops,Tired,Sleep,Airplane ,Airplane ,Throw up ,Sleeping ,Complains ,Drinking ,Electrical outlet 
4/5/2023 22:36:23,Sleep,Snacks (for breastfeeding mom),First steps,Sing silly songs,Soft rattle,Farts,Hungry,Eat in peace,On a plane,In traffic,Poop explosion,No responsibility ,Leaves messes,Drugs,Cat's butthole 
4/5/2023 22:38:21,Time,Diapers,Birthdays,Peek-a-boo,Rattle,Farts,Gas/Wind,Clean bottles,Movie Theater,At work!,Blowout,Baby bouncer,Grunts in sleep,Smoking,Stove
4/5/2023 22:39:09,Sleep,Diapers,First steps,Peek a boo,Stuffed animal,Blow rasberries,Hungry,Clean,Movie theater ,Driving,Fall,Naps,Farts all day,Drinking,Outlet
4/5/2023 22:40:33,Sex,Diapers,Birthdays,Sing,Play gym,Drooling,Hunger,Eat,Airplane,At work,Spit up,Napping,Farts,Sleeping,Electric outlets
4/5/2023 22:41:35,Sleep,Wipes,Birthday,Peekaboo,TV Remote,Fart,Tired,Chores,Airplane,Going to bed,Throw up,Sleep,Throw tantrum,Ignoring baby,Phone
4/5/2023 22:42:05,Sleep,Diapers,First steps,Sing,Stuffed animal,Burp,Hungry,Clean,Airplane,At the store ,Spit up ,Sleep,Gets mad when hungry / hangry,Drinking ,Eyeballs 
4/5/2023 22:42:51,Sleep,Diapers,Wedding,Peek-a-boo,Rattle,Crawl,Hungry,Sleep,Airplane,Yoga,Diaper blowout,Cuddles,Picky eater,Having friends over,Electrical outlet
4/5/2023 22:43:45,Sleep,Diapers,Birth,Sing,Rattle,Poop their pants,Hunger,Sleep,Airplane,At the office ,Blowout ,Not having to wake up to use the bathroom,Hiccup,Drinking,Parent’s alcohol
4/5/2023 22:44:01,Sleep,Wine,First smile,Baby talk,Wubba nub,Toots,Misses you,Shower,Airplane,Getting a wax,Spit up on them,Napping guilt free,Needs attention,Sleeping,My hair (pulls)
4/5/2023 22:44:40,Sleep,Diapers,First steps,Sing,Crinkle book,Toot/pass gas,Hungry,Sleep,Airplane,Traveling,Diaper blow-out,Naps!,Laughs,Sleeping,Coffee mug
4/5/2023 22:46:18,Sex,Diapers,First words,Sing songs,Stuffed animal,Farts loudly,Hungry ,Watch tv,Airplane ,Job interview ,Poop blowout,Eating whenever I want,Burps after eating ,Drinking ,The dog
4/5/2023 22:46:39,Sleep,Diapers ,First steps,Peek a boo ,Rattle ,Fart,Hungry ,Sleep,Doctor’s office ,At work ,Throw up ,Not working ,Whine,Sleeping,Outlet
4/5/2023 22:48:08,Drugs ,Diapers,First words,Sing,Your face,Fart,Hungry,Chores,Airplane,Sex,Blowout,No responsibilities,Whine,Sleeping ,Outlet
4/5/2023 22:49:06,Sleep,Diapers,First steps ,Sing,Contrast cards,Farts,Hungry,Sleep,Airplane ,Driving,Blowout ,Snuggles,Whines,Drinking alcohol ,Eyeballs 
4/5/2023 22:49:30,Date night,Diapers,First words,Jingle keys,Lovey,Fart,Hungry,Sleep,Plane,On trial,Diaper blowout,No responsibilities ,Whine,Baby fight club,Anything sharp and shiny 
4/5/2023 22:50:05,Sex life,Diapers,Wedding,Read a book,Rattle,Farts,Hungry,Clean,Airplane,Boating,Puke,Napping,Shits their pants ,Having boyfriend over ,Electric socket
4/5/2023 22:50:18,Sleep,Diapers,First steps ,Sing,Stuffed animal ,Drools,Dirty diaper ,Sleep ,Movie theater ,Work,Pooped ,Cuddles,Whines,Sleeping ,Hot stove 
4/5/2023 22:50:34,Freedom ,Diapers,Birth ,Sing,Books,Burp,Hungry ,Sleep ,Restaurant ,Work,Blowout ,Ignorance,Hangry,Smoking ,Flame 
4/5/2023 22:51:44,Free time,Diapers ,Birthday ,Blow raspberries,Rattle,Fart,Diaper,Chores,Airplane,Vacation ,Drop pacifier ,Cuddles ,Poop a lot ,Smoking ,Outlet 
4/5/2023 22:52:28,Sleep,Coffee,First smile,Make faces,Playmar,Fart,Farts,Sleep,Plane,Plane,Blowout,Sleeping,Eating lots,Skydiving,Stove
4/5/2023 22:52:47,Time,Crap,First words ,Act silly,"None, it's a potato",Pass gas,Hungry,Sleep,Airplane,Having sex,Leaking diaper,No worries,Wiggles,Sex with boyfriend,Coffee cup
4/5/2023 22:52:58,Sleep,Diapers,First day of school,Bounce,Rattle,Fart,Tired,Revenge time,Airplane ,Traffic jam,Blowout,Sleeping,Pees a lot,Having sex,Outlet
4/5/2023 22:54:42,Sleep,Nappies,First step,Peekaboo,Rattle,Breastfeed,Dirty diaper,Sleep,Plane,In public,Poonami,Sleep,Snore,Drinking,Power socket
4/5/2023 22:54:53,Date Night,Diapers,First Word,Make silly faces,Rattle,Cry,Hungry,Cook,Airplane,Church,Throw up,Sleeping,Whine,Smoking,Cactus
4/5/2023 22:55:51,Sleeping in,Wipes,First steps,Silly faces,Teether,Farting ,Hungry ,Clean,Airplane ,At work,Blowout ,Sleeping,Snore,Drinking,Electrical outlet
4/5/2023 22:56:40,Sleep,Diapers,First steps,Make silly faces,Rattle ,Burp,Hungry,Sleep,Airplane,At work,Pooped on them ,Being carried around,Fart ,Ignoring the baby,Knife
4/5/2023 22:59:04,Sleep,Diapers,Birthdays ,Sing,Ball,Make poop faces,Hungry ,Relax,Airplane ,Public,Poopsplosion,Sleeping during the day,Is silly,Leaving baby,Electrical socket 
4/5/2023 22:59:49,Sleep,Coffee ,First word,Sing,Teether ,Fart,The woke up ,Take a shower,Airplane ,In public,Pee during a diaper change,Snuggles with parents ,Fart,Smoking ,Everything 
4/5/2023 23:00:00,Sleep,Diapers,First steps,Peek-a-boo,Rattle,Farting,Needs to poop,Sex,Plane,Stuck in an elevator,Spat up,Being carried around,Cries,Drinking,The cat
4/5/2023 23:00:16,Having sex!,Nappies!,First birthday,Sing,Activity gym,Sucks thumb ,Hungry,Literally anything lol! Go for a drive,Plane!,Shopping,Fell on bum,Discovering my hands!! My baby loves those ha ds!,Loud farts!,Sleeping,Plug socket
4/5/2023 23:01:07,Sex,Take out ,Graduation ,Screen time,Balloon ,Drool,Gassy,Sex,Emergency Room,Airplane,Tumble ,Leisure ,Reflux ,Hooking up,Knife 
4/5/2023 23:01:14,Sleeping in,Diapers,Graduation,Make faces,Stacking rings,Fart,Overstimulated ,Watch a movie,Doctor’s office,Flying,Eat something bad,Not cleaning up after myself,Request attention ,Smoke/drugs,Earrings
4/5/2023 23:01:25,Sleeping,Diapers,First steps,Sing,Mobile,Fart,Hungry,Clean,Fancy restaurant ,Elevator ,Fall,Naps,Get hangry,Texting ,Shoes
4/5/2023 23:03:04,Sleep,Diapers,First steps ,Make faces ,Kick and play piano,Spit bubbles,Tired ,Clean ,Airplane ,In the car ,Diaper blowout ,Cuddles ,Farts all the time ,Drinking ,Power cords
4/5/2023 23:03:27,Alone time,Clothes,Birthdays,Sing,Rattle,Fart,Wants held,Sex,Airplane ,Traffic,Fall,Cuddles,Sleep,Smoking,Eye glasses!!
4/5/2023 23:06:12,Sex,Formula ,First time standing ,Look stupid/silly,Anything that rattles,Fart,Hungry,Sleep,Restaurant ,On a plane,Flipped to stomach and can’t flip back ,Baby food,Burp,Ignoring the baby,Tv remote
4/5/2023 23:06:17,Sleep,Diapers,Birthday,Sing,Rattle,Grunt,Hungry,Have sex,Airplane,Church,Pooped,Relax,Whine,Sleeping,Stove
4/5/2023 23:06:21,Free time,Diapers ,First steps,Make silly faces,Rattle,Put their hands in their mouth,Hungry ,Clean,Airplane,At work,Spit up ,Sleep,Naps,Watching movies/TV,Hot oven
4/5/2023 23:07:28,Going out to restaurants ,Diapers,First word,Make silly faces,Rattle,Fart,Hungry ,Exercise ,Airplane ,Out in public ,At something off the ground,No bills,Want to be taken care of,Drinking,Dog food
4/5/2023 23:07:57,Sleep,Cute clothes,First steps,Sing,Kick and Play Piano,Fart,Hungry,Clean,A plane,Shopping,Poop,Sleep,Whines,Sleeping,The stove
4/5/2023 23:09:22,Sleep,Formula ,First words,Clap,Teething ring,Passes Gas,Gas,Sex,Restaurant,The car,Vomit,Nap ,Sleep,Leaving,Cat food
4/5/2023 23:09:42,Sex,Clothes,First words,Peek a boo,Rattler,Shart,Shart,Sex,Plane,Dinner,Blowout,Sleep,Fart,Sleep,Anything dangerous
4/5/2023 23:10:49,Alone time ,Diapers ,Birth,Peek a Boo,Rattle,Throws up ,Gas,Sing,Flight,Road trip  ,Fell,Sleep,Whines,Drinking ,Cords 
4/5/2023 23:12:40,solid sleep ,clothes,first steps,sing,kick and play piano ,farts and coughs at the same time ,overtired,Have sex,movie theater ,yoga,spit up ,being held all day,sprawl out,sleeping ,the cats butt
4/5/2023 23:13:48,Sleeping in,Wipes,First steps,Peek a boo,Rattle,Smile while pooping,Hungry,Chores ,Plane,At work ,Spit up,Sleeping all day,Whines,Sleeping ,Outlet
4/5/2023 23:15:16,Sleep,Socks,First word,Peek-a-boo,Hanging mobile ,Fart,Hungry,Sleep,Airplane ,Sex,Diaper blow out ,Not working ,Fart,Weed,Electrical sockets 
4/5/2023 23:16:12,Sleep,Diapers,First Words,Sing,Rattle,Poop face,Hungry,Sleep,Airplane,Grocery shopping,Spit up,Sleep,Farts,Drinking,Electrical outlet
4/5/2023 23:19:20,Date night,Diapers,Birthday,Peekaboo,Fisher price kick and play piano ,Poops their pants ,Tired,Scroll on their phone ,Movie theater ,Driving ,Diaper blowout ,Sleeping on mom and dad ,Whines when not getting attention,Letting the baby sleep on them ,My phone 
4/5/2023 23:19:28,Sleep,Diapers,First word,Sing,Activity mat,Fart,Hungry ,Sleep,Plane,Public transport,Blowout,Sleep ,Poop all the time ,Smoke,Their own poop
4/5/2023 23:20:05,Sex,Diapers,First steps,Peekaboo,Rattle,Farts,Hungry,Shower,Airplane,At work,Fell down,Being carried,Complains,Smoking,Cords
4/5/2023 23:21:53,Free time,Diapers,First steps ,Peekaboo,Rattle,Drools,Hungry,Nap,Airplane ,Stuck in traffic ,Spit up,Swing,Likes boobies,Sleeping,Wall socket 
4/5/2023 23:21:55,sleep,Diapers,First word,Funny faces ,Rattle,Fart,Hungry,Sex,Airplane ,Airplane ,Diaper blowout ,The swing,Glued to tv ,Drinking,Poop
4/5/2023 23:22:11,Sex,Diapers,First word,Peekaboo,Rattle,Fart,Hungry,Sleep,Plane,Traveling,Poop explosion,Endless laughter,Farts,Sleeping,Hot stove 
4/5/2023 23:22:13,Sex,Baby clothes,Graduation,Sing songs,Rattle,Farts,Hungry,Sleep,Restaurant ,Working,Started crying,Being held,Sleeps a lot,Drinking,Stove
4/5/2023 23:22:15,Sleep,Dipers ,Walking ,Read to them ,Rattle ,Fart,Hungry ,Watch a movie ,Movies,Driving ,Spit up,Sleep ,Burp,Be on their phone ,The cat 
4/5/2023 23:24:31,Solitude,Formula,Birthday,Make faces,Hanging mobile,Burps,Angry at the world,Dishes,Airplane,Road trip ,Spit up,Cuddles,Sleeps after eating,Sleeping,Glasses
4/5/2023 23:25:29,Showers,Diapers,First steps,Make faces,Rattle,Fart,Hungry,Sleep,Airplane,Shopping,Spat up,Snuggles,Sleep,Sleeping,Electrical outlet
4/5/2023 23:26:51,Sex,Diapers,First words,Dance,Rattle,Spit up,Gas,Sleep,Restaurant ,At the gym,Pooped everywhere ,Sleeping ,Table manners,Reading their phone,Electrical outlet 
4/5/2023 23:30:45,Sleep,Diapers,Walking and talking,Make faces,Flash cards,Making spit bubbles,You looked at it wrong,"Eat, shower, sleep",Movie theater ,On a flight,Poop blowout,Contact napping,Fuss,Sleeping,Poop diaper
4/5/2023 23:32:45,Sleeping,Diapers,First steps,Peekaboo,Rattle,Farts,Hungry,Sleep,Airplane,Grocery store,Throw up,Cuddles,Whine ,Texting friends ,Parents eye 
4/5/2023 23:32:46,Sleep,New clothes,First word,Make faces ,Rattle,Farts,Tired,Watch tv,Restaurant ,In public,Blowout,Snuggles,Burp,Hanging with friends ,Everything 
4/5/2023 23:33:08,Free time,Diapers,First steps,Make faces,Rattle,Farts,Hungry,Sleep,Airplane,At the store,Spit up everywhere,Naps,Poops,Sleeping,Electrical sockets
4/5/2023 23:34:31,Sleeping through the night ,Diapers ,First step ,Sing,Cloth blocks ,Babbling nonsensically ,Wet diaper ,Sleep ,Airplane ,Driving ,Threw the pacifier on the floor ,Snuggles,Falls asleep wherever ,Smoking ,Everything 
4/5/2023 23:36:57,Sleep,Diapers,First step ,Sing,Mirror,Pass gas,Hungry,Eat,Airplane ,At the store ,Blowout ,Snuggles ,Pass gas,Sleeping,Glasses
4/5/2023 23:38:43,Video Games,Butt Paste,First Word,Peek a boo,Fisher Price Kick n Play Piano,Fart,Tired,Make Whoopee,Fancy Restaurant,Stuck in traffic,Diaper Blowout,Constant Naps,Burps,Drugs,Their Poop
4/5/2023 23:39:05,Sleep,Clothes,Wedding,Sing,Stuffy,Smile at gas,Hungry,Each other,On a plane,Driving,Grab something it shouldnt have,Attention,Sleeps,Sleeping,Jewelry 
4/5/2023 23:43:54,Date nights ,Baby essentials,Milestones,Make silly faces,Musical light up toy,Farts,Gas,Rest,Plane,At the store,Eat cat/dog food,Being entertained by the silliest things ,Gets sick,Drinking/smoking,Outlets
4/5/2023 23:45:55,Sleep,Whiskey,First step,Mirror,Stuffed animal,Fart and giggle,Hungry ,Sex,Airplane ,Job interview,Poop,Sleep,Snore,FaceTiming ,Stove
4/5/2023 23:48:36,Drugs,Fruit,First steps,Sing,Hairbrush,Farts,Farts,Sex,Restaurant,On the subway,Spit up ,Staring at the mobile ,Stares at my boobs ,Masturbating ,Candle 
4/5/2023 23:51:49,Sleep,Diapers,First time they smile or giggle,Sing and dance,Rattle,Drool,Hungry,Sleep,Movie theater,At work,Diaper blow up,Being carried everywhere,Upset when hungry,Sleeping,Moms cocktail 
4/5/2023 23:54:38,Freedom,Diapers,Walking,Sing,Rattle,Crying,Hungry,Sleep,Airplane,Driving,Pooped,Napping,Sleeps,Smoking,Phone
4/5/2023 23:56:30,Free time,Toys ,First words,Make silly faces,Nothing,Fart,Colics ,Clean,Airplane,Shopping ,Vomit ,Being carried ,Random dancing ,Sleep,Phone
4/5/2023 23:57:06,Traveling,Diapers,First steps,Jingle keys,Rattle,Call something by wrong name,Indigestion ,Sleep,Airplane,At work,Diaper blowout,Sleeping,Fall asleep anywhere,Smoking,Pet's butt
4/5/2023 23:57:09,Sleep!,Diapers,First steps,Make funny faces/sounds,Ceiling fans!,Farts ,Hungry,Sleep,Airplane,In a meeting,Had a blowout... So much poop,Sleeping and being carried around all day,Gets hangry ,Sleeping,Outlets
4/5/2023 23:59:14,Sleep,Diapers ,First steps ,Sing ,Black and white book,Fart,Hungry,Clean ,Restaurant ,Driving ,Blowout ,Naps ,Stares at screens ,Drinking ,Plants
4/6/2023 0:01:04,Hobbies,Takeout,First step,Peek a boo,Rattle,Fart,Hungry,Stay awake,Airplane,Airplane,Dropped something,Not going to work ,Points,Sleeping,Cat’s butthole 
4/6/2023 0:01:08,Sex,Formula,Their wedding,Dance,Rattle,Sneeze,Hungry,Sleep,Strip club,Flying on a plane,Grabbed a cats tail,Sleeping,Farts,Their boyfriend/girlfriend ,Their poop
4/6/2023 0:01:52,Brunch,Anything to help baby sleep,First words,Peek a boo ,Rattle,Blow raspberries ,Tired,Sleep,Airplane ,At work ,Vomit,Cuddles ,Cuddles ,Smoking ,Poop
4/6/2023 0:03:52,Sleep ,Diapers,First smile,Silly sounds,Rattle,Fart,Hungry,Sleep,Plane ,At work,Blowout diaper ,Naps ,Burps,Sleeping ,Phone
4/6/2023 0:05:09,Sleep,Diapers,First steps,Make silly faces,Rattle,Toot,Hungry,Clean,Restaurant,In traffic,Spit up,Naps,Whining about child support,Drinking,His own poopy diaper
4/6/2023 0:07:34,Sleep,Diapers,First steps,Sing,Rattle,Fart,Hungry,Shower,Restaurant ,Traffic,Blow out,Napping,Makes messes ,Drinking,Something hot
4/6/2023 0:07:51,Free time,Take out,First steps,Peek a boo,Kick and play piano ,Fart,Hungry ,Clean ,Movie theatre ,Stuck in traffic ,Blow out diaper ,Sleeping ,Sleep anywhere ,Taking pictures ,Any choking hazard 
4/6/2023 0:08:07,Sex,Diapers,Birthday ,Make faces,Teether,Pooping ,Hungry,Clean,Bar,At the gym ,Spilled drink,Naps,Picky eater,Meth,Stove
4/6/2023 0:08:41,Spontaneity ,Diapers,First steps,Sing a song,Rattle,Gets food all over their face,Needs a diaper change ,Sleep,Airplane ,Giving a speech ,Barf all over their nice outfit ,Unlimited naps,Demand attention ,Smoking, Hit stovetop 
4/6/2023 0:08:53,Free time,Diapers,First steps,Make faces ,Rattle,Big farts,Hungry,Sleep,Movie theater,Shopping,Dropped something,Being held,Sleep,Calling or texting,Trash
4/6/2023 0:09:12,Sleep,Coffee,Walking,Sing ,Teething toy,Fart,Gas,Sleep,Restaurant ,Flying ,Spit-up ,Snuggles with my parents,Snore ,Social media ,Animal butts
4/6/2023 0:09:21,Nights out,Diapers,First steps ,Make faces,Rattle,Fart,Hungry,Sex,Toilet ,Our in public ,Blowout ,Snuggles,Poop,Sleeping,Electrical outlet 
4/6/2023 0:10:19,Getting out the door with ease,Bananas ,First step,Sing silly songs ,Crinkly soft book,Poop their pants ,Cold,Shower,Plane,At work,Threw their cup for the hundredth time ,Snuggles,Cranky when sleepy ,Too much screen time ,Dog’s tail
4/6/2023 0:11:13,Sleep,Diapers,First steps,Peek-a-boo,Rattle,Drool,Hungry,Each other,Airplane,Traffic,Spit up,Napping,Easily entertained,Sleeping,Outlet
4/6/2023 0:12:18,Sleeping in ,Clothing ,First words,Coo,Rattle,Spit bubbles,Is cold,Shower ,Library ,On a plane ,Diaper blowout,Cuddling,Farts,Smoking,Sockets
4/6/2023 0:15:15,Sleep,Diapers,First word,Peek a boo,Teether,Farts,Cold,Clean,Plane,Dressing room,Blowout,Naps,Contact sleeping,Throwing a party,Electrical outlets
4/6/2023 0:18:39,Sleep,Diapers,First steps,Make funny faces,Mirror,Shart ,Hungry,Sleep,Airplane,trying on clothes,Spit up,Sleep,Fart,Smoking,Fire
4/6/2023 0:21:56,Going out,Diapers,Birthdays,Peek a boo,Teether,Poop face,Hungry,Sleep,Airplane,At work,Spit up,Being swaddled,Cry,Dating ,Hair
4/6/2023 0:23:37,Free time,Diapers,First smile,Funny noises ,Rattle,Fart,Hunger ,Sleep,Airplane,Work,Blowout ,Sleeping any time,Stretch,Napping,Cords
4/6/2023 0:23:53,Sleep,Diapers,First word,Sing,Bouncer,Fart,Gas,Sleep,Airplane,Airplane,Spit up,Sleep,Stare,Sleep,Poop
4/6/2023 0:26:47,Sleep,Diapers ,First steps,Make faces ,Teethed ,Fart ,Hungry ,Have sex ,Movie ,Working ,Spat up ,Sleep ,Fart ,Drinking ,Stove 
4/6/2023 0:27:12,Sleep,Diapers,First steps,Funny voices,High-contrast images,Spit out food,They're hungry,Zone out ,Airplane,Traffic jam,Fall,Splashing in puddles,Sleep,Sleeping,Electrical plug
4/6/2023 0:30:08,Sleep,Diapers,First words,Peek-a-boo,Stuffed animal,Farting,Pooping,Take a nap,Restaurants ,Flying,Diaper blowout,No responsibility ,Farting,Drinking ,Electrical outlets 
4/6/2023 0:31:59,Date night,Diapers,Wedding,Peekaboo,Rattle,Farts,Hungry,Sleep,Airplane,In front of an audience,Spit up,Being cuddled,Fart,Cocaine,Electric socket 
4/6/2023 0:32:47,Sleep,Wipes,First word,Make faces,Teether,Yell,Hungry,Sex,Restaurant,Working,Blowout,Naps,Whine,Having a party ,Stove
4/6/2023 0:32:53,Sleep,Diapers,Birth,Sing,Tv remote,Fart,Hungry,Laundry,Plane,Work,Diaper leak,Sleep,Whine,Keepjng them up late,Sockets
4/6/2023 0:33:43,Sex,Diapers,Birthday,Peekaboo,Rattle,Drool,Hungry,Sex,Airplane,Airplane,Bumped their head,Being snuggled,Sleeps,Partying ,Toilet water
4/6/2023 0:33:57,Sexy time,Diapers,First steps,Make faces,Rattle,Poop their pants,Hungry,Sleep,Movie theater,Having sex,Fell,Being carried,Whines,Ignoring the kid,Electrical socket 
4/6/2023 0:34:06,Sleep,Diapers,First laugh,Play peek a boo,Mobile,Pass gas,Hungry,House keeping,Airplane,Alone in public,Vomit or spit up milk,Being held,Wants new toys daily,Ignoring my baby,Litter box
4/6/2023 0:37:23,Not having to plan for every small thing ,Diapers ,Birth,"Dance to ""baby shark do do do do do do""",Einstein musical baby toy,Fart,Because they are a baby ,Chores,Flight ,In the office ,Grabbed the poop while changing diaper and threw it all over,Cuddling mom and dad,Sleep with bum up,Sleep ,Poop
4/6/2023 0:42:05,Sleep,Diapers,First words,Sing,Rattle,Farts,Dirty diaper,Sleep,Airplane ,Out to dinner ,Spit up,Eating whatever I want ,Cries,Texting ,Hot mug
4/6/2023 0:42:22,Sleep,Diapers,First words,Sing,Rattle ,Spits up,Hungry,Sleep,Movie theater,Driving,Pee without a diaper on,Cuddles ,Sleep,Drinking alcohol,The dog 
4/6/2023 0:45:49,Sleep,Diapers,First steps,Peek a boo,Rattle,Babble,Hungry,Sleep,Theater,On a plane,Poop,No bills ,Laugh,Drugs,Stove
4/6/2023 0:48:11,Sleep,Diapers,First steps,Play peekaboo,High contrast book,Farts,Ennui,Cry,Movie theatre,In the car,Projectile vomit ,Being carried around,Poops loudly with no shame,Sleeping,Your eye
4/6/2023 0:51:48,Sleep,Diapers ,First word,Sing,Teether,Farting,Hungry ,Clean,Airplane,At work,Spit up ,No responsibility ,Whine,Sexting,Everything!
4/6/2023 0:52:38,Spontaneity ,Dispers,First steps ,Peek a boo ,Mirror ,.,Hungry ,Eat ,Airplane ,At the store ,Blow out ,Naps ,. ,Sleeping ,. 
4/6/2023 0:53:26,Spontaneous dates,Wipes,First bath,Snap,Wrist rattle,Fart,Tired,Eat,Subway,In a long line,Blowout,Sleeping in a swing,Sleep positions,Ignoring baby,Dog bowl
4/6/2023 0:54:25,Sleep ,Diapers,First step,Sing,Rubber duck,Yell,Hungry ,Eat,Airplane ,At work,Spit up,Sleeping ,Complain ,Use phone ,Money
4/6/2023 0:55:34,Dining out ,Diapers,First steps,Peek-a-boo,Rattle,Waving at strangers ,Overtired ,Sleep,Airplane ,Sitting in your new car ,Have a blowout ,Naps,Gets hangry ,Breastfeed my baby,Hot coffee cup
4/6/2023 1:00:09,Drinking,Diapers,Birthday,Sing,Rattle,Drool,Dirty diaper ,Have sex ,Airplane ,Grocery store,Threw up,Sleep,Drool,Smoking ,Electrical outlet 
4/6/2023 1:00:20,Uninterrupted sleep,Diapers,Birthdays,Peekaboo,Rattle,Farts,Hungry,Clean,Airplane,At work,Make a mess,Being held,Eats all the time,Breastfeed,Electric sockets
4/6/2023 1:00:22,Sleep,Diapers,first steps,sing,Garbage,Poop,Sleepy,Sleep,bar,work,spit up,cuddles,sleep,sleep,hair straightener
4/6/2023 1:00:58,Sleep,Diapers/nappies,First word,Peekaboo,Mobile,Fart,Hungry,clean,Airplane,In a traffic jam ,Spit up,Being rocked to sleep,Leaves a mess!,Eating all your food,Electrical socket
4/6/2023 1:03:17,Sleep,Diapers,First steps ,Sing,Rattle ,Fart,Hungry ,Sleep ,Airplane ,Sex ,Throw up ,No responsibilities ,Burp,Drinking ,Outlet 
4/6/2023 1:06:43,Sleep,Diapers,First Steps,Peak-a-Boo,Rattle,Farts,Hunger,Catch up on Laundry ,Plane,At the grocery store ,Spit up,Being held,Cries,Sleeping ,Stove
4/6/2023 1:11:24,Free time,Diapers,First steps ,Peekaboo ,Teether,Yawn,Pooped,Sleep,Airplane ,At hospital ,Spit up,Discovery ,Don't know,Not paying attention ,Everything 
4/6/2023 1:11:37,Sleep,Diapers,First steps ,Make funny noises,Rattle,Fart,Hungry,Have sex lol,Airplane,Driving,Poop explosion ,Having everything done for me,Whine,Sleeping,Flame
4/6/2023 1:12:21,Sleep,Diapers,First steps,Funny faces,Kick n play piano,Fart,Hungry,Laundry ,Airplane ,At work ,Blowout ,Cuddles,Farts,Calling her boyfriend ,Stove
4/6/2023 1:14:36,Going out with friends any time,Diapers ,Graduation ,Show toys,Rattle,Farts,Hungry,Sleep,Restaurant,Traffic,Poop,Sleep,Snore,Sleeping,Wall outlet
4/6/2023 1:15:29,Sleep/sex,Diapers,Birth/first day of school ,Noises/faces ,Floor gym ,Fart/burp,Diaper/hunger ,Clean/sex,Plane/Restaurant ,Teaching class,Spit up massively/Massive Sh*t,Sleep ,Faces ,Sleep,Inside nose 
4/6/2023 1:17:38,Sex life,Diapers,First steps,Tickle,Rattle,Farts,Dirty diaper,Sleep,Movie theatre ,At work,Fell over,Not working ,N/a,Drinking,Power cords
4/6/2023 1:20:45,Partying,Wipes,Birthdays,Sing,Rattle,Fart,Sleepy,Have sex,Airplane,At work,Poop,Sleeping,No idea,Smoking,Toliet 
4/6/2023 1:23:44,Sleep,Diapers,First Steps,Sing,Crinkle Toys,Sticks their fingers in your mouth,Hungry,Clean,Airplane,At A Restaurant,Spit Up,Sleep,Farts,Hooking Up,Heater
4/6/2023 1:24:05,Sleep,Diapers,First Steps,Peek-A-Boo,Arm and Leg Rattles,Passing Gas,Hungry,House Chores,Airplane,Driving,Blowout the diaper,Sleep,Snore,Smoking,Cutlery
4/6/2023 1:26:28,Alone time,Formula,Walking,Sing,Rattle,Drools,Hungry,Sleep,Plane,In traffic,Got in to something they weren’t supposed to,Naps,Smelly farts,Sleeping,Phone
4/6/2023 1:27:39,Sleep,Diapers,Graduation,Funny faces ,The remote ,Spit bubbles ,Hunger,Chores,Airplane ,at work ,Blowout,Sleeping ,Not sure….,Sleeping ,Fireplace
4/6/2023 1:30:47,Sleep,Diapers,Walking,Peekaboo,Rattle,Pouts,Tired,Clean,Airplane,Work,Poop,Sleep,Farts,Sleep,Outlet
4/6/2023 1:39:41,Sleep ,Formula ,First steps,Blow raspberries ,Stacking ring,Farts,Hunger,Relax,Movie theater ,Grocery shopping ,Shat on them,Being rocked,Fussy when tired,Be distracted ,Cat litter box 
4/6/2023 1:40:08,free time ,books,first steps,make faces,rattle,farts,hungry,sleep,airplane,grocery shopping ,blowout,napping all day ,stretch ,smoking weed ,candles
4/6/2023 1:45:52,"""Me"" time",Diapers,Their first steps,Make silly faces,A rattle,Toots,Hungry,Clean up,An airplane,A work meeting,Knocked something over,Riding in the baby swing,Noisy sleeper,On their phone,Electrical outlets
4/6/2023 1:48:24,Sex,Things to help baby sleep,Graduation ,Make ridiculous faces ,Moms hair,Farts,Hair wrapped around the toe,Sex,Movie theatre ,Giving a presentation,Blowout diaper,Constant snuggles,Obsessed with my boobs (lol!),My husband ,Inside of other peoples mouths
4/6/2023 1:57:51,Sleeping in,Diapers,First word,Make faces,Rattle,Fart/Pass Gas,Hungry,Sleep,Church,Stuck in traffic,Spit up,Sleeping whenever,Stretch,Smoking,Fire
4/6/2023 1:58:06,Sex,Coffee,Graduation,Tickle,Rattle ,Farts,Hungry,Sleep,Airplane,Work,Spit up ,No bills,Farts,Sleeping,Electrical socket
4/6/2023 1:59:16,Travel,Diapers,First words,Sing to them ,Rattle ,Fart,Hungry ,Sleep ,Airplane ,At the store ,Blow out ,Breastfeeding ,Whine ,Napping ,Food 
4/6/2023 2:01:05,Sex,Wipes,First steps,Sing,Rattle,Toot,Hungry,Clean,Airplane,Stuck in an elevator,Peed on them,No schedule,Arms up while sleeping,Sleeping,Cactus
4/6/2023 2:01:46,Sleep,Baby wipes,First steps,Read books,Mobile,Fart,Gassy,Sleep,Restaurant ,Traffic,Pooped out of the diaper,Nap time,Yawn,Drinking,Stove 
4/6/2023 2:02:24,Sleep,Diapers,Milestones,Peek a boo,Sensory stuffed animal,Farts,Hungry,Shower ,Airplane,Having sex,Blowout,Sleep,Wakes up grumpy,Drinking,Jewelry
4/6/2023 2:09:16,Sleep,Diapers,First steps (walking),Silly faces,Blocks,Fart (and then smile),Just because ,Sleep ,Flight,Getting a haircut,Get frustrated,Having no responsibilities ,Whine ,Drinking,Electrical outlet
4/6/2023 2:11:19,Sleep,Toys ,First steps ,Sing ,Ball,Burps,Hungry,Sleep,Movie theatre ,Stuck in traffic ,Flushed the keys ,Sleeping,Whine ,Smoking ,Outlet 
4/6/2023 2:19:50,Traveling,Diapers,First step,Dance,Rattle,Drool,Poop,Laundry,Plane ,car,Poop explosion,Napping,Tantrum,Having friends over,Stove
4/6/2023 2:28:19,Going wherever you want without bringing a baby,Baby clothes,First laugh,Tickling,Crinkle toys,Poop on themselves ,Wants to be held,Have sex,Airplanes ,During sex,Fell off the bed,Sleeping whenever I want ,Gets food all over hisself ,Smoking,Private areas
4/6/2023 2:29:53,Sleep,Diapers,First time walking,Sing,Fisher price kick n play piano,Farts,Hungry,Sleep,Plane,Grocery store,Projectile vomited,Sleep,Gets hangry ,Drugs ,Everything
4/6/2023 2:30:18,"Sleep, silence",Diapers,First word,Blow raspberries on their belly,Teether,Burps and farts,Bumped their head on the crib rails for the 10th time in the last 5 minutes ,Shower,Plane,In a cab,Banged head on the floor while turning on their back from tummy time,Not paying taxes,Screeching ,Hit my baby ,Power sockets
4/6/2023 2:30:28,sleep,diapers,first laugh,read a book,anything that spins,fart,hungry,sleep,airplane,shopping,throw up,someone carrying me everywhere,sleep,smoking,your eyeballs
4/6/2023 2:30:58,Sleep ,Coffee ,First steps ,Peekaboo ,Sophie the giraffe ,Tries to feed you their food ,Hungry ,Sleep ,Restaurant ,In traffic ,Fall,Being looked after ,Snore ,Taking baby out,Plug socket 
4/6/2023 2:31:58,Sleep,Diapers,First steps ,Sing ,Teether,Drools,Hungry,Sleep,Airplane ,In traffic ,Blew out the diaper ,No responsibility ,Whines,Texting ,The dog 
4/6/2023 2:34:03,Free time,Diapers,First steps,Patty cake,Mirror,Open mouth kisses,Hunger,Have sex,Airplane,In public,Peed during diaper change,Stroller ride,Fussy when sick,Sleeping,Knife
4/6/2023 2:42:38,Sex,Formula,Birthday,Sing,Rattle,Fart,Gas,Sleep,Airplane ,Sporting event ,Poop blow out,Sleep,Messy,Inviting their SO over,Iron
4/6/2023 2:49:30,Sleep,Diapers,First word ,Make funny faces,Parent's hair,Fart,Hungry,Sleep,Movie theater,In public,Threw up,Laughing,Sleep,Drinking alcohol ,Lit candle
4/6/2023 2:57:52,Sleeping in,Burp cloths,First steps,Funny faces,Contrast cards ,Fart,Hungry,Clean,Movie theater ,Uber,Pull the cat’s tail ,Being waited on,Farts,Drinking,Outlets
4/6/2023 3:03:37,Going out,Food for mum!,First word,Poke out tongue,Teddy bear,Sneeze,Gas,Sleep,Plane,Shopping,Nappy leak!,Being fussed over,Farts without a care in the world,Going through my things,Pull the cats tail
4/6/2023 3:06:42,Kid-free vacation,Diapers,1st birthday ,Dance,Ball,Burp,Dirty diaper ,Sleep,Airplane ,At work,Throw up ,Being carried everywhere,Eats all the time ,Drinking ,Candle
4/6/2023 3:13:30,Parties,Nappies,Birth,Funny noises,Book,Fart,Hungry,Eat,Plane,Job interview ,Poop,Cuddles ,Whinge,Drugs,Electrical plugs
4/6/2023 3:16:55,Sleep,Caffeine ,First steps,Sing,Black & white simple pictures,Rips a juicy fart,Temperature ,Sleep,Movie,Shopping,Spit up everywhere ,Sleep,Falls asleep cuddling,Only Fans,Cat/animal poop
4/6/2023 3:25:03,Sleep,Diapers,Birth,Pull faces,Remote control,Fart,Hungry,Sleep,Plane,Having sex,Throw up,Cuddles,Snore,Drugs,Fire
4/6/2023 3:28:45,Freedom,Diapers,Birthday,Sing,Book,Fart,Hungry,Sleep,Plane ,Public,Blowout ,Napping ,Make a mess,Sleeping ,Sugar
4/6/2023 3:29:27,Sleep,Diapers,First steps,Blow raspberries,Rattle,Wets themselves,Hunger,Watch tv,Aeroplane,On a road trip,Eat the pets food,Sleep,Fidgets,Getting drunk,Wine
4/6/2023 3:33:09,Freedom,Diapers,Walking,Peek-a-boo,Rattle,Burp,Hungry,Sleep,Restaurant ,Airplane,Spit up,Sleeping,Farts,Drinking,Stove
4/6/2023 3:34:06,Sleep,Diapers ,Birthday ,Peek-a-boo,Rattle ,Burp,Hungry,Chores,Restaurant ,Driving ,Blowout diaper,Napping ,Whining,On phone ,Electrical plugs
4/6/2023 3:35:45,Sleep,Nappies,First steps,Sing,Rattle,Farts,Hungry ,Clean,Airplane ,Driving,Vomited ,Sleep,Farts,Drinking,Power point 
4/6/2023 3:38:37,Sleep ,Diapers,Their wedding,Funny faces,Stuffed animal,Says fuck ,Hungry,Sleep,Airplane,Workplace,Projectile vomited@,Snuggles,Easily entertained at simple things,Bring over someone unapproved,Stove
4/6/2023 3:41:52,Sleep,Bottles,Graduation ,play peek-a-boo,Lightweight rattle ,Blows raspberries ,Poopy diaper ,Clean house ,Airplane,In an airplane,Spit up ,Snuggling in moms arms,Sleep,Drinking,N/A
4/6/2023 3:46:33,Sleep,Diapers,Birthday ,Sing,Rattle,Farts,Hungry,Sleep,Airplane ,Broken elevator ,Poop everywhere,Sleeping,Eat every 3 hours,Sleeping,Wine glasses 
4/6/2023 3:49:04,Money ,Toys ,Wedding,Sing,Teething toy,Poops their pants ,Tired ,Dishes ,At a bar,Airplane ,bit the dog ,Sleeping all day,Eats all day,Drugs,Stovetop 
4/6/2023 3:49:28,Spontaneity,Takeout,First word,Peekaboo,Rattle,Fart,Hungry,Sleep,Airplane,Office,Peed during diaper change,No responsibilities,Flails in his sleep,Drinking,Electrical outlet
4/6/2023 4:01:50,Doing nothing,Diapers,Morning baby smile,Silly faces,Mom's hair,Fart and laugh,Teeth,Eat or sleep ,Airplane,In a meeting with a client,The baby vomited all ovet moms clothes and hair,Getting fed,Sleeping with his ass up in the air ,Letting baby play with paint,Cat's a*hole
4/6/2023 4:07:40,Sleep,Diapers,First steps,Sing,Keys,Fart,Tired,Sleep,Movie theater ,At work,Blowout,Cuddles,Cry,Her boyfriend,Hot coffee
4/6/2023 4:12:17,Sleep,Diapers,Milestones,Blow raspberries,Teether ,Farting ,Hunger,Eat ,Airplane,Costco,Spit up ,No bills ,Sleeping,Sleeping,Hot coffee
4/6/2023 4:14:18,Money,Diapers,First steps,Sing,Rattle,Toot,Hungry,Clean the house,Airplane,At work,Blow out diaper,Sleep,Cuddle,On the phone,Stovetop 
4/6/2023 4:15:48,Sleep ,diapers ,The birth,TV,Rattle,blow bubbles ,hungry ,sleep,airplane ,home alone ,spit up,sleeping ,make noises in sleep ,under the influence ,poop
4/6/2023 4:19:23,Freedom,Wipes,First birthday,Bouncer,Stuffed animal,Sloppy kisses,Tired,Sleep,Restaurant ,Out of town ,Spit up ,Sleep,Eats a lot,Watching tv,Outlets
4/6/2023 4:23:15,Sleep,Baby clothes,First steps,Funny noises,Piano gym,Farting,Hungry,Sleep,Airplane,Movie theatre ,Poo'd or pee'd during a diaper change,Massages,Angry face,Hiding or lying about things ,Soiled diaper
4/6/2023 4:23:16,Vacations ,Clothes,Crawling,Dance,Teething toy,Babbles,Dirty diaper,Relax,Airplane ,In the car,Blow out,Cuddles,Whines,Watching tv,Tv remote
4/6/2023 4:23:29,Sleep,Diapers,First fart,Throw them,Teddy,Drools,Poop,Sleep,Plane,Supermarket,Poop-splosion,Being swaddled,Smelly poops,Making Onlyfans content,Poop
4/6/2023 4:32:06,Sex,Diapers ,First words ,Peek a boo,Lovey ,Fart,Hungry,Sleep ,Airplane,Giving a speech ,Blowout,Naps,Whine ,Drinking ,Stove
4/6/2023 4:33:00,Clean clothes ,Chocolate ,Drinking out of a straw,Sing,Lovevery playgym,Burp,Tired,Shower,Train,Grocery store ,Dropped the spoon ,Cuddling with mum,Burp ,Have a bath,Your eyes 
4/6/2023 4:38:25,Eating a hot meal,Diapers,First steps,Clap,Blocks,Babble,Hungry,Sleep,Restaurant ,Car,Have a blowout ,Sleep ,Whine,Smoking ,Electrical socket 
4/6/2023 4:43:50,Eating uninterrupted ,formula ,Child being born ,Baby talk/ coo back at them,Binky,Sucking their thumb ,Overtired ,Shower,Movie theater ,on vacation ,Spit up ,Sleeping most of the day,Gets grumpy when overtired ,Stick and poke tattoos with the children ,Parents phone
4/6/2023 4:44:25,Sleep,Nappies,Baptism,Peekaboo,Rattle,Farting,Hungry,Shower,Aeroplane,In church,Poo explosion,Cuddling,Farts a lot,Drinking,Bins
4/6/2023 4:46:04,Time together,Wipes!,Their first birthday ,Shake rattles,Black + White flash cards,Fart,Hungry,Sleep!,Aeroplane ,In the middle of sex,Poop explosion!,Chilling and sleeping all day,Poop like there’s no tomorrow ,Breaking down,Remotes
4/6/2023 4:46:47,Sleep,Wipes,First steps,Peek a boo,Rattle,Fart,Hungry,Sleep,Bus,Rush hour traffic,Fall down,Sleep,Sleep,Sleeping,Electrical outlet
4/6/2023 4:52:56,freedom,Wipes,First steps,Peek-a-boo,Rattle ,Fart,Gas,Housework/Chores,Airplane,Work,Diaper exploded,Naps,Fart,Smoking/vaping,Oven
4/6/2023 4:53:08,Sex,Wipes,First steps,Sing,Board book,Fart,Hungry,Sleep,Airplane,Skiing,Vomit,Snuggles,Farts,Drugs,Coffee
4/6/2023 5:05:52,Restaurants,Nappies,Birthdays,Make silly faces,Space blanket,Straining ,Teething,Sleep,Airplane,Driving ,Spit up,Sleeping all day,Whinges ,Smoking,Other people's boobs 
4/6/2023 5:05:56,Sleep,Diapers,Graduation ,Peekaboo,Teether,Farts,Gas,Laundry,Plane,Stuck in traffic ,Blowout ,Naps,Gets overtired ,Sleeping,Everything
4/6/2023 5:14:49,Sleep,Diapers,Birthday,Make funny faces,Rattle,Farts,Hungry,Eat,Plane,Far away from the hospital,Pooped everywhere,So much sleep,Farts,Drinking,Wires
4/6/2023 5:16:10,Sleep,Diapers,First steps,Sing,Boobs,Farting,Hunger,Everything,Plane,Plane,Number 3 (poosplosion),Sleep,Cried while pooping,Sleeping,Food
4/6/2023 5:16:40,Sleeping in,Diapers,First steps,Make noises,Rubber duck,Fart ,Hungry,Shower,Movie theater,At work,Threw up,Napping ,Sleep,Drinking,Outlets
4/6/2023 5:19:58,spontaneity,clothes,first steps,talk,stuffed bear with rattle inside,fart,needs to fart,sleep,airplane,at work,threw up,being held,fart,drinking,outlets
4/6/2023 5:20:10,Sleep,Clothes,First steps,Make faces,Rattle,Laughs in their sleep ,Wet diaper ,Sex ,Airplane ,Public transportation ,Blow out ,Being held ,Complain ,Drugs,Outlets 
4/6/2023 5:22:46,Sleep,Diapers,First steps,Tickle,Books,Farts,Hungry,Housework ,Plane,On vacation ,Fall down,Being carried,Farts,Drinking,Stove
4/6/2023 5:45:03,Sleep,Diapers,First steps,Sing,Play gym,Fart,Hungry,Sleep,Airplane,Driving,Got into something shouldnt,Cuddles,Whine,Having people over,Stove
4/6/2023 5:54:02,Sleep,Snacks,First laugh,Sing,light,Sleep,Tired,Clean,Restaurant,Snow storm,Spit up,Cuddles ,Fart,Sex,Dog
4/6/2023 5:59:09,Sleep,Diapers,Wedding,Talk,Black and white cards,Babble,Hungry,Rock,Restaurant,Store,Blowout ,Sleeping all day,Fart,Smoke,Hot plate
4/6/2023 6:00:39,Sleep ,Diapers ,First word ,Tickle ,Rattle ,Spit bubbles ,Hungry,Sleep ,Airplane,Flying,Poop explosion,Carried around,Man flu ,Smoke,Electrical plug
4/6/2023 6:09:35,Sex,Formula,First steps,Sing ,Teether ,Poop,Tired,Laundry,Dinner,Shopping,Drop something,Cuddling,Sleep ,Drink,My glasses
4/6/2023 6:14:31,Alone time,Diapers,First steps,Read books,Rattle,Poop face,Hungry,Sleep,Airplane,Work,Pooped,Sleeping a lot,Sleeps a lot,Smoking,Outlets
4/6/2023 6:15:45,Free time,Diapers,Graduation,Dance,Rattle,Fart/shart,Tired,Clean,Airplane,On the highway,Peed on changing table,Sleep,Cries,Drinking,Stove 
4/6/2023 6:18:04,sleep,diapers,riding a bike,sing,rattle,farts,hungry,clean,toilet,movie theater,pooped,being cuddled,tell you theyre hungry,smoking,my drink
4/6/2023 6:31:00,Sleep,Diapers ,First laugh,Dance ,Rattle,Fart,Gas,Sleep,Plane,Work,Blowout,Eating whenever I want,Fart,Sleep,Glasses
4/6/2023 6:33:29,Sleeping late,Diapers,First steps,Sing ,Sophie,Fart,Hungry ,Have sex,Plane,Out to eat,Diaper blow out,Sleeping,Burp,Boyfriend/girlfriend over,Dogs tail
4/6/2023 6:37:44,Alone time,Diapers,Birth,Sing,Ring stack,Fart,Hungry,Sleep,Airplane,Vacation,Blowout,Naptime,hungry all the time,Sleeping,Stove
4/6/2023 6:38:07,Being able to just leave the house without thinking about anything ,Diapers,First steps,Read books,Contrast cards,Farts,Hungry,Laundry,Airplane,Having sex,Blow out,Sleeping 18 hours ,Farts all day,Drinking ,Stove
4/6/2023 6:40:55,Spontaneity ,Diapers ,Birthdays,Sing,Teething rings,Eye contact while grunting and pooping themselves ,They are hungry,Sleep,Air plane,In a restaurant ,Put their foot in poopy diaper while trying to change them.,Sleeping,Farts,Smoking ,Electrical sockets
4/6/2023 6:42:56,Spontaneity,Clothes,First word,Sing,Teething rings,Burps,Tired,Clean,Restaurant,Traveling,Throw food,Napping,Nap,Drugs,Knives
4/6/2023 6:45:11,Money,Diapers,First steps,Make funny faces,Rattle,Throw things,Hungry,Clean,Airplane,At work,Pooped,No responsibilities/chores to do,Cries,Being on phone ,TV
4/6/2023 6:45:12,Sleep ,Coffee,Talking ,Sing,Kick’n’play piano,Poop ,Hungry,Sleep,Airplane,Sex,Spit up ,Sleep,Sleep,Sleep,Dads nipples 
4/6/2023 6:45:16,Sleep,Diapers,First steps,Sing,Rattle,Fart,Hungry ,Sleep,Airplane ,At the store ,Blow out diaper,Being swaddled,Yawns,Sleeping ,Stove 
4/6/2023 6:45:54,Sleep,Diapers,Wedding,Play peekaboo,Rattle,Pass gas,Hungry,Sleep,Airplane,Working,Poop,Sleeping,Obsessed with my boobs,Leaving,Everything
4/6/2023 6:51:10,Sleeping in ,Diapers ,First steps ,Clap,O-ball,Farting,Tired ,Sleep ,Airplane ,Shopping ,Ate something ,Sleep,Giggle ,Sleeping ,Everything 
4/6/2023 6:56:30,Quiet,Diapers,First steps,Make faces,Car keys,Farts,Hungry,Sleep,Public transport,Having sex,Poopsplosion,People watching,Complains,Sleeping,Plug
4/6/2023 6:57:09,Sleeping in,Diapers,First word,Peek-a-boo,Rattle,Yawn,Dirty diaper,Make a sibling,Airplane,At work,Fall off the couch,Sleeping,Tantrum,On their phone,Stove
4/6/2023 6:58:02,Sleeping,Clothes,First word,Make faces,Rattle,Farts,Hungry,Housework,Airplane,Shopping,Pooped pants,Cuddles,Whines,Smoking,Candle
4/6/2023 7:00:12,Sleep,Wipes,Birthday,Baby talk,Rattle ,Farts,Gas,Keep quiet,Plane,Shopping,Poop explosion,Food on demand,Pulls faces,Sleeping,Hot drinks
4/6/2023 7:03:50,Sleep,Diapers,First steps,Silly faces,Rattle,Babbling,Hungry,Clean up,Movie theater,At a wedding,Fell over,Naptime,Burp loudly,Sleeping,Outlet
4/6/2023 7:04:07,Sleep,Diapers ,First words ,Sing,Rattle,Fart,Hungry,Sleep,Airplane ,Shopping ,Diaper blowout,Napping,Cry,Having guests over ,Stove
4/6/2023 7:04:11,Sleep,Diapers ,First steps,Make funny faces at them,Floor gym,Pass gas,Hungry,Eat a decent meal,Airplane ,At work/working ,Spit up,Contact naps ,Passes gas ,Sleeping ,The stove 
4/6/2023 7:05:24,Freedom,Diapers ,First steps ,Sing,Rattle,Farts,They’re awake ,Sleep,Airplane,Flying,Blowout,Sleeping,Sleeps,Drinking,Pets
4/6/2023 7:07:36,Sleep ,Bigger clothes ,First word,Peekaboo ,Rattle ,Fart,Hungry,Shower,Plane,At work,Poopsplosion,Naps,Be needy,Napping ,Smartphone 
4/6/2023 7:12:53,Sleep,Diapers,First steps ,Baby talk ,Kick piano ,Drools ,Hungry ,Watch tv ,Airplane ,Working ,Roll off their play mat ,Sleep ,Gets fussy when hungry ,Smoking pot ,Electrical sockets 
4/6/2023 7:15:54,Sleep,Diapers,First steps ,Sing,O-balls,Fart,Hungry ,Clean,Airplane,Working,Spit up,Naps,Farts,Sleeping,Oven 
4/6/2023 7:17:45,Sleep,Clothes ,First steps,Sing,Rattle ,Burps,Tired,Sleep ,Restaurant ,At the store,Poop,Naps,Farts,Sleeping,Outlet
4/6/2023 7:22:37,Sleeping in,Take out ,First steps ,Baby talk ,Rattle,Big fart,Tired ,Sleep 🤪,Restaurant ,Meeting with your boss ,Blow out ,Sleep so much sleep,Gets hangry,Inviting people over ,Electric cords
4/6/2023 7:22:50,Sleep,Wet wipes,First steps,Play pick a boo,Mom,Farting,Hunger,Shower,Airplanes ,Rollercoaster ,Blow out diper,Sleeping,Belly laugh,Drugs,A dirty diper
4/6/2023 7:26:18,Sleep,Nappies,First laugh,Make funny noises,Play mat,Fart,Tired,Eat,Airplane,In the supermarket,Puke,Getting rocked to sleep,Fart,Drinking alcohol,Everything
4/6/2023 7:27:32,Sleep,Wipes,First word,Singcto them,Mirror,Fart,Hungry,Clean,Plane,Working!,A blowout,Be cuddled,Fart,Having a guest over ,A hot drink
4/6/2023 7:29:59,Sleep,Coffee,Birthday ,Sing a song ,Play mat ,Farts,Hungry,Clean,Movie theater,Flying ,Spit up ,Naps,Sleeps,Having sex,Outlet 
4/6/2023 7:31:20,Sleep,Diapers,The birth!,Sing,Pacifier ,Pees in the air ,Hungry ,Sleep,Airplane ,On launchpad for first manned mission to mars,Blowout ,Being carried and pushed around all day ,General zest for life ,Smoking ,Electrical outlet 
4/6/2023 7:33:01,Staying in bed all day ,Medical advice ,Walking ,Sing,Light wand,Blow raspberries ,Hungry,Shower,Airplane ,Presenting to a client ,Poonami aka really huge poo blowout ,Bath time ,Tantrums ,Drinking ,Stove
4/6/2023 7:33:27,Going out,Wipes,First words,Screen time,Rattle,Raspberry,Diaper is wet ,Rock baby,Movie theater,In public,Poop,No bills ,Snore,Smoking,Poop
4/6/2023 7:33:40,sleep,diapers,first steps,peekaboo ,something that has lights and sound,giant burp after a meal,hungry ,also sleep,a movie,airplane,have a blowout ,sleeping,try to grab boobies,smoke weed,power outlet 
4/6/2023 7:33:57,Sleep and sex,Formula ,First step,Funny faces,Teethers,Grunts when they are getting ready to poop,Gas,Sex,Airplane ,Having sex,Had a blowout ,Sleepinf,Poops constantly ,Smoking ,Power cords
4/6/2023 7:38:40,Sleep,Diapers,First steps,Peek a boo,Rattle,Fart,Hunger,Chores,Airplane,Shopping,Spit up,The naps,Whine,Drinking alcohol ,Light socket 
4/6/2023 7:41:07,Sleep,Diapers,First steps,Peek a boo,Rattle,Farts,Hungry,Sleep ,Bar,On carpet,Ate something,Doing nothing,Needs sleep ,Drinking,Oven?
4/6/2023 7:41:40,Sleeping in,Diapers,First steps,Build towers,Teether,Gets food all over their face,Hungry,Shower,Restaurant,Working,Spit up,Being carried around,Stinks,Letting baby play with unsafe things,Their poopy genitals at diaper change
4/6/2023 7:52:19,Date nights,Diapers,First steps,Baby talk,Mobile ,Fart on you,Hungry ,Sleep,Nice restaurant ,At work,Spit up,Being held,Fall asleep during the day,Drinking alcohol ,The fireplace 
4/6/2023 7:52:52,Going out to eat ,Diapers ,Birthdays ,Sing ,Bubble gum tree playmat ,Farts ,Hungry ,Eat,Wedding,Out to eat ,Poop out their diaper ,Sleeping when I want,Farts,Sleeping ,Glass of wine 
4/6/2023 7:58:54,Sleep,Diapers,Graduation,Tickle them,Floor mat,Fart,Hungry,Sleep,Restaurant ,At work,Poop,Being carefree,Eat all the time!,Ignoring baby,Fire
4/6/2023 8:00:44,Sleep,Time,Birth,Sing,They dont need them really,Shits pants,Wet diaper,Sex,Bar,Dunno,Put something in their mouth ,Sleeping ,Cries,Sleeping,Stove
4/6/2023 8:01:16,Being spontaneous,Nappies/Diapers ,Graduation,Sing songs,Sophie the giraffe,Fart,Gas,Sleep,On a train,At work,Peed on themselves,Being carried everywhere,Sleep in awkward positions,Ignoring the child,The dogs tail
4/6/2023 8:03:47,eating out,wipes,birthday,sing,rattle,farts,hungry,scroll their phone,airplane,grocery shopping,fell over,boobs,needs to be fed,getting high,fire
4/6/2023 8:07:01,Sleeping,Diapers,Birthday,Dance,Rattle,Burp,Hungry,Sleep,Airplane,Workout class,Blowout,Sleeping,Throws up after drinking too much,Smoking,Stove
4/6/2023 8:11:00,Sex,Take out,First steps,Peek-a-boo,Rattle,Farts,Wet diaper,Sleep,Restaurant,Sleeping,Pooped,Sleeping,Needs attention,Making out with boyfriend ,Pet
4/6/2023 8:11:27,Sex,Baby gadgets,Birth,Sing,Rattle,Poops their pants,Hunger,Sleep,DMV line,At work,Get into something,Sleeping whenever,Cries,Smoking meth,Knife
4/6/2023 8:12:55,Free time,Diapers,Graduation ,Peek a boo,Stuffed animal,Fart,Hungry,Sleep,Movie theater,Working,Blowout,Snuggles,Always hungry,Sleeping,Outlets
4/6/2023 8:15:27,A full night's sleep,Diapers,First steps,Sing,Mom's hair,Get food all over their face,Hungry,"The ""deed""",Movie theater,Driving,Poop-splosion,Full body hugs,Cry until they get their way,Sleeping,Cats butthole
4/6/2023 8:15:58,Sleep,Wipes,First word,Peek-a-poo,Crinkly book,Farting,Tired,Tired,Cinema,On a plane,Blowout,Sleeping in Mum or Dads arms,Falls asleep in the car,Sleeping,Moms eyeballs
4/6/2023 8:16:08,Sleep,Diapers,First smile,Blow raspberries,Rattle,Farts,Overtired,Eat,Airplane,Grocery shopping,Blow out,Snuggles,Snores,Drinking,Mommy's coffee
4/6/2023 8:18:30,Freedom to just go,Baby clothes,First steps,Play music,Silicone straw teethers,Fart,Hungry,Spend time together ,Movie theater,Work meeting,Grabbed a cord,Having every need catered to,Complain,Kissing baby,Outlet
4/6/2023 8:20:52,Sex,Diapers,Walking,Babble,Rattle,Cries,Hungry,Sleep,Church,Work,Blow out,Sleeping ,Whines,Sleeping,Knife
4/6/2023 8:28:48,Sleep ,Coffee,First steps,Sing,Rattle,Burp,Hungry ,Nap,Plane,On stage,Blowout,Cuddling,Whine,Drinking,Outlet
4/6/2023 8:33:41,Sleeping in ,Diapers,First steps,Make funny faces,Rattle,Cries ,Hungry,Sleep,Plane,Job interview,Pooped,Getting carried ,Snores,Drugs,Hot stove 
4/6/2023 8:42:24,Sleep,Diapers,Birthday,Make faces,Rattle,Fart,Hungry,Sleep,Movie theater,Work meeting,Blow out poop,Sleep,Poops a lot,Drinking,Electrical outlets
4/6/2023 8:43:26,Going out with friends,Take out,First steps,Sing,Toy key ring,Fart ,Hungry,Chores ,Restaurant,Driving,Blow out,Sleeping,Sneeze,Snapchat,Cat's tail
4/6/2023 8:43:35,Sex,Diapers,Birthday,Baby talk,Crinkle Book,Shit their pants,Hungry,Not make a noise.,Strip club,Running a marathon,Dropped their toy.,The cuddles,Her eyes smile when her mouth does.,Drugs,Candle
4/6/2023 8:44:01,Seeing friends,Diapers,First steps,Sing,Ball,Drools,Tired,Sexy time,Airplane,Shopping,Poop/blowout,Being held/cuddles,Sleep,Drinking,Mamas coffee
4/6/2023 8:44:12,Sleeping in late,Take out food,First steps ,Make faces,Stuffed animal,Farting,Too tired ,Dishes,Restaurant ,On an airplane,Put something gross in its mouth,Nap time ,Farts,Inviting the boyfriend over,Electric socket
4/6/2023 8:44:31,Sleeping in,Baby wipes,First birthday,Silly noises,Sophie the Giraffe,Farts,Hungry,Shower,Airplane,Out to eat,Blowout,Napping,Makes a mess,Drinking,Oven
4/6/2023 8:45:16,Sleeping in,Coffee,First step,Make funny faces,Rattle,Fart,Hungry,Relax,Airplane,Giving a presentation at work,Blowout ,Snuggles,Naps,Drugs,Knife 
4/6/2023 8:46:13,Sleep,Diapers,First word,Sing,Black and white book,Fart and cough at the same time,Hungry,Clean,Theatre,Mall fitting room,Poop through their outfit,Sitting outside,Fall asleep instantly,Having a date over,Electrical socket 
4/6/2023 8:56:13,Sleep,Diapers,First Steps ,Baby Talk,Rattle,Fart,Hungry,Scroll Social Media,Movie Theater,At Work,Spit up,Being Carried,Sleeps,Smoking,Cords
4/6/2023 8:57:35,Sleep,Diapers,First steps,Peekaboo,Rattle,Pooping on themselves,Hungry,Clean,Plane,Driving,Broke something,Eating,Sleeps all day,Drinking,Anything expensive
4/6/2023 8:59:53,Ability to be alone,Diapers,First steps,Make funny faces/peek a boo,Stuffed animal rattle,Farts,They’re hungry,Clean,Movie theater,On a road trip,Had a blowout,Sleeping all the time,Gets cranky when hungry ,Smoking,A hot stove
4/6/2023 9:04:27,Free time,Diapers,First steps,Peek-a-boo,Play gym,Grab boob,Hungry,Watch TV,Airplane,Far from home,Leaked diaper,Sleeping,Tantrums,Drinking,Power outlet
4/6/2023 9:04:36,Sleep,Nappies/diapers,Graduations,Sing songs ,Teether,Fart,Hungry,Have sex (can clean when baby is awake but intimacy is HARD),Airplane ,Bed (the idea of ruining my mattress fills me with dread),Put something in their mouth they shouldn't ,Being carried about ,Messy eater (this was a hard one!!),Smoking,Fire place/ fire
4/6/2023 9:04:42,Freedom ,Coffee,Walking,Sing,Piano mat,Fart,Tired,Eat,Plane,At work,Spit up,Naps,Grumpy when tired,Sleeping,Poop
4/6/2023 9:08:20,Sleep,Diapers,First steps,Make silly faces,Lovie,Burp,Hungry,Sleep,Airplane,Wedding ,Dropped pacifier,Sleeping,Needs attention ,Napping,Poop
4/6/2023 9:11:35,Sleep,Diapers,1st word,Make faces,Rattle,Fart,Gassy,Eat Something,Airplane,At work,Poop through diaper,Sleep,Constantly Hungry,Drinking,Electrical Outlet
4/6/2023 9:13:47,Sleep,Diapers,First words,Make the baby dance,Rattle,Fart,Hungry,Sleep,Movie theater ,Presidential Address,Start crying ,Be carried around ,Noises during sleep,Taxes,Hot food
4/6/2023 9:14:08,Sleep,Diapers,Birthdays,Baby talk,Spoon,Farts,Hungry,Clean,Plane,Work,Spit up,Stroller rides,Whines,Sleeping,Stove
4/6/2023 9:14:29,Freedom,Diapers,First steps,Make silly faces,Fischer Price Piano,Fart,Hunger,Sleep,Bathroom,Shopping,Diaper blowout,Sleeping,Stink,Ignoring baby,Outlet
4/6/2023 9:21:26,Quiet,Diapers,First steps,Peekaboo ,Ball,Run around naked,Tired,Sleep,Movie,At the dmv,Puke on them,No responsibilities ,Whine when they're hungry,Drinking,Dog poop
4/6/2023 9:23:46,Sleep,Diapers,First smile,Keeka boo,Rattle,Fart,Hungry,Nap,A plane,Driving a car,Spill something ,Being cradled,Fart,Smoke,His poop
4/6/2023 9:24:28,Sleep,Coffee,Wedding,Peekaboo,Rattle,Farts,Hungry,Sleep!,Airplane,Giving a lecture,Poop,Living in the moment,Gets grumpy,Smoking,Electrical wires
4/6/2023 9:25:48,Sleep,Diapers,First steps,Sing,Rattle,Farts,Tired ,Sex,Restaurant ,Shopping ,Blowout ,Cuddles,Makes a mess,Smoking,Electric outlet
4/6/2023 9:27:47,Sleep,Clothes,First steps,Make faces,Crinkle toys,Farts,Hungry,Eat,Airplane,Traffic,Blowout,Naps,Gas,Sleeping,Animals
4/6/2023 9:30:01,Sleep,Diapers,First steps,Make funny faces,Mobile,Farting,Hungry,Clean the house,Airplane,Work,Spit up,No responsibilities,Gets cranky when tired,Drinking,The stove
4/6/2023 9:35:26,Naps ,Diapers/Wipes ,First Steps ,Sing Songs ,Rattle ,Fart,Hungry ,Clean,Airplane ,Heavy Traffic ,Spit Up ,Napping ,Cries ,Sleeping ,Poopy Diaper 
4/6/2023 9:37:49,Sleep,Baby Clothes,Birthday,Peek a boo,Crinkle toys,Farts,Baby is hungry,Clean ,Airplane ,At work ,Spit up ,Being held all day ,Farts,Having company over ,Electric outlet 
4/6/2023 9:41:42,Sleeping in on the weekend,Diapers,Their birth,Read to them,Teether,Toots,Hungry,Ten second tidy,Planned Parenthood,Stuck in traffic (fabric seats),Blowout ,Naps!,Toots,Drugs,Pets buttholes
4/6/2023 9:42:32,Sleep,Diapers,First words,Funny faces,Lovey,Grunts,Hungry,Sleep,Airplane ,At the DMV,Fell over,Naps,Fusses,Smoking,Outlet
4/6/2023 9:49:03,Freedom,Diapers,Birthday,Sing,Rattle,Farts,Scared,Sleep,Plane,Working,Hurt themselves,Sleeping,Cry,Drinking,Knife
4/6/2023 9:55:59,Sleep,Diapers ,First words,Peek a boo,Teether ,Fart,Hungry,Sleep,Restaurant,Driving ,Dropped the binky,Sleeping,Gets food on themselves ,Drinking alcohol ,The cat/dog
4/6/2023 9:57:03,Going out whenever they want,Pacifiers,First time eating birthday cake!,Play peekaboo,Rattle,Grabbing your fingers to stick them in their mouth,Dirty diaper,Get frisky!,Movie theater,(Driving) during a roadtrip,Threw their food,Getting nursed to sleep,Always wants my boobs!,Drinking,Hot stove
4/6/2023 9:58:47,Sleep,Diapers,First word,Dance,Tags on anything ,Roll around ,Dirty diaper ,Clean ,Movie theater ,Car ,Made a mess,Being carried ,Sleep,Having other over,Phone
4/6/2023 9:59:37,Sleep ,Diapers,Birthday ,Make up songs,Rattle ,Fart while eating ,Bored,Clean ,Airplane ,Driving ,Had a blowout ,Sleeping ,Fart,Drinking,Wall outlet 
4/6/2023 10:02:24,Alone time ,Diapers ,First steps,Play music,Rattle ,Sucks their thumb,Gas,Sleep ,Restaurant ,Grocery store,Spit up ,Napping ,Poops,Watching tv ,Outlets 
4/6/2023 10:03:50,Sleep,Diapers,First steps,Make silly faces,Rattle,Passes gas,Tired,Eat,Restaurants,Out shopping,Have a blowout,Colorful videos,Whines about food,Sleeping,Power outlet
4/6/2023 10:04:43,Happy hour,Clothes,First words,Read,Book,Throw food,Took away a toy,Shower,Play ,Giving a speech,Fell ,Running and jumping in furniture,Make messes,Ignoring baby,Glasses
4/6/2023 10:06:47,Sleep,Coffee,First steps,Dance,Play gym,Poop it's pants,Hungry,Sex,Bar,Traffic,Spilled coffee,Everything's new,Noisy sleeper,Smoking,Fire
4/6/2023 10:09:18,Alcohol,Diapers,First Smile/laugh,Dance,Kick and play piano gym,Poops,Tired,Clean,Airplane,In public ,Dropped the pacifier in the middle of the night,Cuddles,Whines ,Drinking alcohol /sleeping,Oven
4/6/2023 10:14:52,Sleep,Diapers,First steps,Make goofy faces and sounds,High contrast cards,Having food all over your face,Hungry,Sleep,Airplane,At work,Dropped a toy ,No responsibilities,Doesn’t listen,Talking to friends on the phone,Outlet
4/6/2023 10:15:08,Sleeping in til noon,Cute outfits that are never worn ,First words,Funny faces,Kick piano,Chew on their toes,Hungry ,Get intimate ,Airplane,Driving the car,Diaper blowout ,Someone else meeting my needs,Moody when hungry ,Smoking ,Cell phone
4/6/2023 10:16:15,Free time,Diapers,First steps ,Peek a boo,Sophie the Giraffe,Drooling ,Hungry,Sleep,Airplane,Sexytime,Blowout,No responsibilities,Drooling,Having partner over,Everything
4/6/2023 10:16:17,Sleeping on our own schedule,Formula,Birth of child,Play with toys,O ball or rattle,Poop themselves,Hungry,Sleep,Movie theater ,Hiking,Spit up ,Sleeping ,Burp ,Drugs,Electrical outlets 
4/6/2023 10:17:39,Sex,Diapers,First steps ,Make faces ,Rattle ,Burp ,Overtired ,Sleep,Airplane ,On a transatlantic flight ,Diaper blowout ,Sleep ,Cries,Drinking ,Electrical outlet 
4/6/2023 10:24:37,Sleep,Diapers,Talking,Sing,Kick n play cult piano,Drools,Hungry,Shower,Airplane,Flying,Spit up,Being rocked to sleep,Gets grumpy when hungry,Drinking,Fire
4/6/2023 10:25:33,Sleep ins,Takeaway food,Graduation ,Peekaboo ,Rattle,Fart,Teething ,Sleep,Plane,Shopping ,Poop,Being rocked to sleep , Drool,Drugs,Poop
4/6/2023 10:26:08,Privacy,Laundry detergent ,First smile,Sing,Rattle,Fart,Sleepy,Rest,Airplane,Driving ,Spit up,No responsibility ,Giggles at random things,Sleeping,Hot food 
4/6/2023 10:27:29,going out,diapers,wedding,peek-a-boo,rattle,toots,hungry,sex,airplane,at work,big poop (blowout),sleeping,makes messes,sleeping,stove
4/6/2023 10:27:33,Alone time,Diapers,First steps,Make silly faces,Rattle,Nurses,Hungry,Sleep,Airplane,At work,Spit up,Napping,Sleeps,Sleeping,Hair
4/6/2023 10:29:47,Sleep,Diapers,First steps,Sing ,Rattle,Fart,Hungry ,Sleep,Airplane,At work,Spit up,Cuddles,Farts,Sleeping,Knives
4/6/2023 10:30:43,Sleep,Children's Clothes,First steps walking,Sing,Stuffed animal,Fart,Wet diaper,Clean the house,Airplane,Driving,Blow out diaper,Sleeping,Leave a mess,Drinking,Stove
4/6/2023 10:36:54,Sleep,Diapers ,Walking ,Sing,Teethers,Fart! ,Hungry,Sleep,Roller coaster ,On an airplane,Threw up,Contact naps ,Sleep wiggles,Drugs,Knife 
4/6/2023 10:37:54,Sleep,Takeout,First steps,Make funny faces,Rattle ,Hold your finger,Dirty diaper,Have sex,Airplane,At work,Diaper blowout,Cuddles,Play with my boobs,Sleeping,Hot stove
4/6/2023 10:39:54,Time alone,Clothes,First words,Talk to baby,Sensory ball,Being a baby😂,Uncomfortable,Sleep ,Plane,Public ,Look confused,Everything being about me,Growls,Not washing hands ,Stove 
4/6/2023 10:42:39,Sleep,Diapers,First steps,Read,Plush toy,Farts,Hunger,Clean,Plane ,Swimming,Poop,Sleep ,Farts,Sleeping ,Phone 
4/6/2023 10:42:54,Sleeping in,Takeout,First words,Sing ,Mirror,Fart,gas,Sleep,Airplane,Camping trip,Blowout,eating Milkshakes for all my meals,Get excited by a screen,Going through filing cabinets,Oven
4/6/2023 10:45:26,Sex,Alcohol ,First word ,Tv ,Tv ,Farts,Gas ,Sex ,Bar ,Sex ,Threw up ,No work ,Farts ,Sex ,Heater 
4/6/2023 10:48:17,Sleep,Diapers,First steps,Funny faces,Rattle,Farts,Hungry,Sleep,Movie theater ,At work,Spit up,Sleep,Poop,Sleeping,Outlet
4/6/2023 10:49:48,Sleep,Toys,First steps,Make silly faces,Lovey,Loud poop,Hunger,Chores,Cinema,Work,Spit up,Cuddles,Sleep,Invite guests,Poop
4/6/2023 10:53:02,Sleep,Diapers,First steps,Sing,Play gym,Fart,Gas,Sleep,Plane,At work,Fall,Cuddles,Snore,Video games,Stove
4/6/2023 10:53:58,Travel,Diapers (obviously). But now it's FOOD because our LO is on solids,First steps,Talk/conversation ,Empty Tupperware ,Poops,Teething,Sleep,Restaurant ,Bed,Grabbed an open bag of flour and dumped it out. Or grabbed a bunch of soil from a potted plant and put it in their mouth,Getting cuddled,Sleeps in,Turning the TV on,Knobs on the range
4/6/2023 10:56:36,Traveling ,Diapers,First step,Dance,The ceiling fan,Farts,Hungry,Sleep,Airplane ,At work ,Blowout diaper ,Sleep,Sleeps ,Drinking ,Knives 
4/6/2023 10:59:00,Sleeping in,Clothes,First steps/walking,Sing songs,Teethers,Poops in their pants,Hungry,Watch tv ,Airplane,At work,Spit up,Sleeping all day,Wants attention,Watching tv ,Stove 
4/6/2023 11:02:18,Sleep ,Caffeinated drinks,First word,Silly faces,Rattle,Farts!,Gas,Clean the house,Airplane,On a plane,Projectile poo :/,Lots of sleep,Burps,Smoking,Electrical outlet
4/6/2023 11:04:46,Sleep,Diapers,First Words,Music/Dancinf,Wrapping paper,Fuss,Doesn’t see parents ,Sleep,Airplane ,Vacation ,Got under the sink items ,Being held ,Snore ,Breast feeding ,Electricity outlet 
4/6/2023 11:07:23,Traveling,Diapers,Birthdays,Sing ,Stuffed animal ,Sneeze ,Needs a change/ went pee,Clean,Plane,Working,Smile,Doing nothing all day,Smile ,Sleeping ,Stove 
4/6/2023 11:07:44,Eating out,Dinner,First steps,Peek-a-boo,Mobile,Farts,Hungry,Watch TV,Airplane,Presenting for Work,Blowout,Cuddling,Whines,Drinking,Hot drink
4/6/2023 11:10:57,Sex,Coffee,First laugh,Peek a boo,Activty gym / play mat,Farts,They need their momma!,Shhh the baby,A restaurant ,Stuck in traffic,Puke,Naps,Sleeps,Having guests,My eyeball lol 
4/6/2023 11:11:35,Sleep ,Wine,First smile ,Make funny faces,Their hands,Fart,Hungry ,Shower,Airplane ,Stuck in traffic ,Fall off the changing table ,Sleeping all day ,Farts,Shake the baby ,The stove 
4/6/2023 11:23:31,Getting sleep,Baby clothes ,First steps ,Dance,Car keys,Baby toots,Tired,Sleep,Airplane,On vacation,Fall,Being carried all day,Fart,"Have someone over (bf, friends)",Their poop while you change them
4/6/2023 11:27:50,Sleep,Bigger clothes ,First words,Stroller walks,Crinkle books,Scream for food,Tired,Shower,Plane,In the car,Spit up,Rocked to sleep,Cranky when hungry ,Drinking ,Pet's fur
4/6/2023 11:29:51,Breaks when needed,Diapers,Firsts,Smile and talk to baby,Black and white anything ,Fart,Hungry,Clean,Airplane ,Working ,Peed/pooped on them ,Sleeping ,Fart,Ignoring baby,Pumping wires
4/6/2023 11:34:52,Sleep,Coffee,Walking,Sing,Crinkle toy,Farts,Hungry,Sleep,Airplane,On a cruise,Poop explosion,Sleeping,Never wear a shirt,Leaving baby alone,Electrical socket
4/6/2023 11:36:12,Sleep,Swaddles,First smile,Make faces,Crinkle book,Loud farts,Hungry,Sleep,Airplane,Car,Diaper blow out,Being carried around,Sleep startle,Drugs,Eyes 
4/6/2023 11:37:19,Sleep,Formula,First words,Use toys,Blocks,Shitting themselves/farting ,They shat themselves,Sex,Bus,Job interview,Broke something,Not having to work,Farts,Seeing their partner,Fire
4/6/2023 11:37:47,Sleep,Diapers,Birthdays,Make a funny face,Rattle,Poop themselves,Hungry,Watch tv,Gun range,Roller coaster,Ate a penny,No responsibility,Cries when hungry,Smoking,Knife
4/6/2023 11:39:21,Going out after 6om,Nappies,First steps,Peekaboo ,Rattle,Burps,The wind is blowing in the wrong direction ,Have sex,Plane,On public transport ,Poonami,Being fed on demand,Naps,Smoking,Fire
4/6/2023 11:41:15,Sleeeeeeep,Diapers,First steps,Playing peekaboo ,Rattle,Fart,Gas,Watch YouTube ,Airplane ,Outside in public ,Pooped,Napping in a stroller,Fart,Sleeping ,Outlet 
4/6/2023 11:41:38,Going out on a whim,diapers,graduation,make silly faces,an empty box,pick's her nose,hungry,sleep,plane,at work,fall down,no stress,smiles,having her boyfriend over,Stove
4/6/2023 11:48:51,Sleeping in!,Diapers,First steps,Peek-a-boo ,Rattle,Fart,Hungry,Chores/Cleaning,Airplane,Shopping,Spit up,Sleeping,Farts,Sleeping,Electrical outlet
4/6/2023 11:50:05,Sleep,Diapers,Birth ,Make faces,Rattle,Chew on stuff,Hungry,Sleep,Airplane,At church,Diaper blowout,Naptime,Don’t know,Drugs,Electrical outlets
4/6/2023 11:51:19,alone time,diapers,first word,blow raspberries,contrast cards,drool on you,hungry,clean,plane,at the store,spit up,cuddles,farts,drinking,hot coffee
4/6/2023 11:56:09,Freedom/spontaneity (ability to just up and go if you need something from the store),Diapers,First steps,Make faces,Teether toys,Blows bubbles,Gas,Clean and wash dishes,Air plane,On a boat,Pooped,Napping,Fights sleep,Drugs/drinking,Cat litter
4/6/2023 12:04:00,Sleep,Diapers,First steps,Peek a boo,Mobile,Gas ,Gas,Have sex,Restaurant,Funeral,Blowout diaper ,Being carried around,Pouts ,Drinking,Wall outlet
4/6/2023 12:15:31,Sleeping,Wet wipes,First steps,Dance with baby,Rattle,Poop face,Hungry,Clean the house,Airplane,Meeting with the boss,Spit up,Sleep anywhere and anytime,Farts,Smoking,Phone
4/6/2023 12:18:04,Free time,Diapers,Birthdays,Baby talk,Rattle,Fart,Hungry,Clean,Airplane,Airplane,Blowout,Sleeping a lot,Fart,Drinking alcohol,Electrical outlets
4/6/2023 12:19:23,Sleep,Diapers,First Word,Sing,Playmat Piano,Fart,Hunger,Chores ,Movie Theater,Shopping,Spit up,Napping,Makes messes,Video call,Coffee 
4/6/2023 12:22:15,Sleep,Diapers,First word,Make funny faces,Visual cards,Fart,Hungry,Sleep,Airplane ,Driving,Have a blowout,Being cared for,Sleeps loudly,Drinking,Their poop
4/6/2023 12:24:56,Showers,Wipes,First words,Funny faces ,Rattle ,Fart ,Gas,Sleep,Airplane ,At work ,Blowout ,Exploring new things ,Sleeps with mouth open ,Drinking,Coffee
4/6/2023 12:28:28,Alone time,Toys baby isn't interested in,First smile,Baby talk,Trash,Lets a big one rip,Hunger ,Nothing,Sauna ,Ice skating ,Eat the pet's food ,Having all my needs meet without lifting a finger,Man flu,Procreating,Electrical outlet
4/6/2023 12:29:10,Sleep,Wipes,First steps,Sing ,Rattle,Blow raspberries ,Hungry,Clean,Airplane ,In public,Diaper blowout,Not working,Farts ,Drinking ,Poop
4/6/2023 12:30:57,Going out,Clothes,Milestones,Sing,Play mat,Burp/fart,Needs cuddles,Clean,Plane,At work,Pooped,Being swaddled,Makes a mess,Drinking,Their own poop
4/6/2023 12:33:09,Sleep,Diapers,First word,Peekaboo ,Rattle,Scream ,Hunger,Laundry ,Library ,Grocery store ,Blowout ,Sleeping ,Snoring ,Drinking,Electrical outlet 
4/6/2023 12:33:52,Freedom,Diapers ,First steps ,Make silly faces ,Book,Farts super loudly in public ,Hungry ,Shower ,Airplane ,In an airplane ,Barfed/spit up,Sleep,Whines ,Sleeping while baby is awake ,Outlets 
4/6/2023 12:41:00,Autonomy,Diapers,First words,Peekaboo ,Rattle,Sharts ,Hungry,Clean the house,A plane,Out in public,Spit up,Naps,Toots,Drinking,My wine glass lol
4/6/2023 12:45:13,Sleeping in,Take out,First word,Bounce,Pacifier,Mimic,Hungry,Dishes,Plane,In bed,Fall over,Diaper change,Sneeze,Phone,Stove
4/6/2023 12:47:52,Spontaneous trips,Diapers,First steps,Narrator their lives,Rattle,Poop and smile,Poop,Sleep,Airplane,In public,Tried to eat something it shouldn’t have,Everything being done for me,Whines when he’s sick,Smoking,Dog food
4/6/2023 12:50:30,Going out impromptu,Diapers,Birthday,Dance,Visual book,Fart,Hungry,Watch TV,Airplane,Work ,Spill milk,Sleeping,Smile,Inviting people over,Outlet
4/6/2023 12:52:46,Sleep,Diapers,Graduation,Sing,Rattle,Fart,Hungry,Clean,Airplane,Shopping,Cried,Sleep,Farts,Sleeping,Outlet
4/6/2023 12:52:56,Freedom,Diapers,First steps,Peekaboo,Mirror,Toots,Hungry ,Sleep,Restaurant ,Driving,Poop,Sleeeeep,Sleeps,Sleeping,Electrical outlets 
4/6/2023 12:53:20,alone time,clothes,first day of school,blow raspberries,crinkle toys,burping,gas,take a shower,a plane,in a movie theater,had a blowout,being carried everywhere,whining,smoking,the dog
4/6/2023 12:55:53,Sleep,Diapers,First steps/walking,Sing ,Rattle,Toots,Hungry,Clean? Idk,Movie theatre,Driving,Spit up/vomit,Milk,Toots,Sleeping,Electrical socket
4/6/2023 13:07:07,sleeping in ,diapers ,first steps ,sing ,sensory ,throw up ,dirty diaper ,sleep ,airplane ,traffic ,throw up ,naps ,stubborn ,smoking ,electrical sockets 
4/6/2023 13:14:41,Sleep,Diapers,First steps ,Sing,Water mat,Poops,Hungry,Eat,Plane,Meeting,Spit up everywhere,Being held,Whines,Sleeping,Cat litter
4/6/2023 13:20:18,Sex,Diapers,First words,Silly sounds ,Ceiling fan ,Fart,Hungry,Sleep,Airplane ,Shopping ,Poop blowout ,Snuggled to sleep,Farts a lot ,Drinking ,Hot coffee 
4/6/2023 13:26:27,Sleep,Pacifiers,Walking,Singing,Rattle,Fart,Dirty diaper,Sleep,Movie theater,Road trip,Blowout diaper,No responsibilities,Stretch sounds,Smoking,Stove
4/6/2023 13:28:15,Sleep,Diapers,Firsts ,Shake keys,Balloon,Farts,Hungry,Clean and sleep,Movie theater,Somewhere foreign,Fell over,Naps,Eats a lot,Drinking ,Outlet
4/6/2023 13:28:52,Sleep,Diapers,First word,Make silly faces,Crinkle books ,Farts,Wind,Eat,Plane,Car breakdown,Threw up ,Sleeping whenever I want,Eats messy ,Smoking,Knives
4/6/2023 13:30:40,Sleep,Diapers,First steps,Clap,Rattle,Fart,Hungry ,Sex,Airplane ,Traveling ,Fell over,Being rocked in rocking chair,Plays,Scrolling phone,Knife 
4/6/2023 13:32:03,Sleep,Diapers ,Birth ,Make silly faces,Rattle ,Animated loud pooping in public ,Dirty diaper,Shower,Airplane ,Job interview ,Spit up,"Only responsibility's are  Sleep, eat, cuddle ",Sleep anywhere ,My husband ,Nose ring or other piercing 
4/6/2023 13:38:59,Sleep,Diapers,Birth,Peek a boo,Stacking cups,Fart/shart,Hungry ,Sleep,Airplane ,Roadtrip ,Barf,Sleeping,Sleep,Sleep,Outlets
4/6/2023 13:45:17,going out after dark,butt cream,first steps,make silly faces,a mirror,farts ,I sneezed,eat,a strip club,walking around an art gallery,drop the spoon again,sleeping uninterrupted ,I got nothing for this one,picking up toys after they're played with,knives
4/6/2023 13:46:26,Sleep,Diapers,First walk,Hit themselves,Stuffed animal,Farting,Full diaper,Clean,Plane,Work,Peed on them,Living in the moment,Sleeps,Smoking,Other people's breasts
4/6/2023 13:46:58,Sex,Diapers,Birthday,Sing,Rattle,Fart,Hungry,Clean,Airplane,Driving,Puke,Sleep,Smile,Sleeping,Stove
4/6/2023 14:10:27,Sleep,Diapers,First word,Baby talk,Rattle,farts,hungry,Clean the house,restaurant,in the car,spit up,no responsibilities,gets upset when hungry or tired,having friends over,electrical cord
4/6/2023 14:14:02,Sleep,Diapers,First steps ,Peek a boo,Rattle,Farts,Hungry,Sleep,Airplane ,Work,Spit up,Sleeping in mom’s arms ,Drools,Drinking alcohol ,Outlet 
4/6/2023 14:20:10,Sleep,Diapers,Birthday,Make faces,Rattle socks,Fart,Baby is naked,Shower,Airplane,Grocery shopping,Fell off the bed,Sleeping,Farts,Drugs,Oven
4/6/2023 14:29:56,Sleep,Baby wipes,First steps,Make faces,Kick n play,Farts,Hungry,Laundry,Airplane,Flying,Spit up,Snuggles,Plays with my boobs,Heroin,Outlets
4/6/2023 14:33:24,Sleep,Diapers,First word,Peek a boo,Rattle,Drool,Hungry,Clean,Plane,Working,Pooped,Being carried around,Likes boobs,Sleeping,Long hair
4/6/2023 14:35:09,Sleep,Diapers,First steps,Sing ,Rattle,Blow spit bubbles ,Gas,Sleep,Airplane,Out in public ,Spit up ,No responsibilities,Farts anywhere ,Smoking,Knife 
4/6/2023 14:36:32,Television ,Diapers ,First laugh,Beat boxing ,Fisher price baby gym,Joyful Scream,Overtired ,Laundry ,Plane ,At work ,Woke up ,Eating all the time ,Pouting ,Using a knife ,Fireplace 
4/6/2023 14:37:08,Sleep,Coffee,First steps,Funny faces,Rattle,Fart,Hungry,Clean,Airplane ,Store,Blowout ,Sleeping ,Farts,Drinking ,Poop
4/6/2023 14:38:22,Free time ,Pacifiers,First steps ,Peek a boo,Rattle ,Farts,Hungry ,Clean,Movie theater ,At work ,Vomit,Being held ,Nap,Drugs ,Pets food 
4/6/2023 14:39:34,Leaving the house quick,Diapers,Birthday ,Silly faces/sounds,Little bear,Farts,Hungry,Sleep,Air plane ,Restaurant,Spit up,Being held,Sleeps,Smoking,Dogs tongue 
4/6/2023 14:52:10,Sleep,Diapers,First smile,Sing,Rattle,Pout,Hunger,Laundry,Airplane,While asleep in bed,Spit up,Cuddles,Sleeps,Smoking,Power outlet
4/6/2023 14:59:24,Sex,Wipes,First word,Dance,Sensory book,Fart,Wants mom,Eat,Movies,Driving,Spit up everywhere ,Being held,Not having patience ,Watch TV and not baby,Chemicals/Cleaning bottles 
4/6/2023 15:00:55,Sleep,Diapers,First step,Play Peek-a-boo,Rattle,Burp,Hungry,Chores,Airplane,Too far from hospital,Diaper explosion,Sleep,Want me,Neglecting baby,Knife
4/6/2023 15:03:20,Sleep,Diapers,First steps/word etc,Silly faces,Rattle,Fart,Hungry,Be quieter,Airplane ,In public,Cry,Sleeping,Sleeps,Having their SO over,Moms Eyeballs
4/6/2023 15:04:42,Sleep,Diapers,First steps,Sing,Teddy,Fart ,Hungry,Sleep,Airplane ,At work,Spit up ,Sleep ,Sleep ,Smoke ,Poop 
4/6/2023 15:09:01,Eating a whole meal without interruptions. ,Socks. ,First day of school. ,Peekabo. ,Squeeky thing. ,Fart. ,Need of boob. ,Have superfast sex,Plane. ,Any. Ha. ,Pooped all over their backs. ,SLEEP. ,Fart. ,Have tequila shots,Tea. 
4/6/2023 15:15:32,Going out,Nappies,Birth,Peekaboo,Mobile,Burp,Hungry,Sleep,Airplane,Broken down elevator,Broke something ,Being carried,Hangry,Drinking,Knives 
4/6/2023 15:16:14,Sleeping in,Diapers,First word ,Make funny faces,Rattle ,Fart,Tired ,Shower ,Airplane ,Work meeting ,Spat up,Sleeping all day,Drools over my boobs,Sleeping ,Outlets/plugs
4/6/2023 15:17:17,Sex life,Diapers,First steps,Make funny faces,Teether,fart,Tired,Clean,Airplane,Shopping,Poop ,Sleeping,Be picky,Be on a date ,Electric outlet
4/6/2023 15:17:36,Sleep,Diapers,First word,Silly faces,Moms hair,Burps,Hungry,Chores,Airplane,Travelling,Poop,Naps,Grunts,Drugs,The cat
4/6/2023 15:22:50,Sleep,Diapers,First steps,Sing,Empty Paper towel roll,Farts,Hungry,Shower,Airplane,Giving a presentation,Poop blowout,Rocked to sleep,Farts then laughs,Having company over,Outlets
4/6/2023 15:23:05,Going out to eat,Diapers,Their birth ,Peek a boo,My hair ,Milky burps,Diapers full,Wash bottles ,Living room,Next in line for Taylor swift tickets,Pooped on the changing table,Sleeping,Cry,TikTok dances,Dads stupid useless nipples
4/6/2023 15:27:23,Sex,Diapers,First steps,Make faces,Rattle,Poop,Tired,Sleep,Restaurant,At work,Spit up,Snuggles,Snore,Sleeping,Stove top
4/6/2023 15:27:27,quiet,diapers,first steps,make funny faces,rattle,burp,hungry,sleep,airplane,traveling,poop everywhere ,no responsibilities,sleep,drinking,hot stove
4/6/2023 15:37:47,Date nights,Diapers,First steps,Peekaboo,Crinkle books,Falls asleep randomly ,Tired,Sleep,Restaurant,While travelling/on public transit,Disper blowout,Being rocked to sleep,Stinky farts,"On their phone, not watching baby",Electrical outlets/wires
4/6/2023 15:43:30,Movies,Bibs ,First crawl,Sing ,Rattle,Baby talk,Hungry ,Eat,Plane,Traffic ,Drop pacifier ,Bath time and rubs,Snore,Sleeping,Phone
4/6/2023 15:50:21,sleeping in,delivery food,first words,hold them in the air ,box,blows bubbles ,tired,fuck,plane,on a hike,peed on them ,getting held and rocked,whine,drugs,outlet 
4/6/2023 16:02:24,Alone time,Vests,First steps,Pull faces,High contrast pictures ,Fart,Tired,Nothing!,Theater,Trapped in an elevator,Poop explosion ,Being held,Doesn't do housework ,Drinking ,Hot coffee 
4/6/2023 16:04:30,Exercise,Diapers,Wedding,Silly faces,Play mat,Farts,Tired,Relax,Airplane,Work presentation ,Spit up,Napping ,Makes mess,Using their phone,Cell phone
4/6/2023 16:10:01,Friends ,Diapers ,First words,Funny faces,Rattle ,Fart,Hungry,Sleep,Airplane,Working,Spit up,Cuddles,Cry,Drinking,Stove
4/6/2023 16:11:02,Sleep,Diapers,First steps,Peekaboo,Rattle,Fart,Tired,Clean,Airplane,On an airplane,Made a mess,Being swaddled,Cries,Smoking,Fire
4/6/2023 16:11:47,Sleep,Diapers,First Steps,Sing,Rattle,Blow spit bubbles,Tired,Clean,Airplane,Working out,Shit during diaper change,Naps,Drools,Being intimate with partner,Electrical outlets
4/6/2023 16:13:42,Freedom ,Diapers,First steps ,Peek a boo ,Stuffed animal,Farting,Hungry ,The dishes ,Airplane,Work meeting ,Peed on them ,Being held ,Farts ,FaceTiming friends ,Hot coffee
4/6/2023 16:17:52,Sleep,Diapers,First words,Peek a boo,Rattle,Farts,Hungry,Sleep,Movie,Vacation ,Spit up,Pooping anywhere,Whines,Sex,Poop
4/6/2023 16:24:57,Sex,Fast food,First words,Sing,Wrapper,Loud poops,Hungry,Eat,Plane,Work,Grabbed the remote,Being praised for everything,Odd sleeping positions ,Drinking,Dog water
4/6/2023 16:26:05,Sleep,Diapers,First Steps,Sing,Rattle,Burp,Hungry,Rock Them,Airplane ,Grocery Shopping,Have a blowout,Sleeping all day ,Fart,Having Sex,Candle
4/6/2023 16:30:16,Sleep,Diapers,First steps,Peek a boo,Rattle,Farts,Hungry,Laundry ,Airplane ,Hiking,Blow out,Sleep,Sleep,Leaving,Earrings 
4/6/2023 16:55:49,Sleep,Diapers,Birthday ,Make funny faces ,Rattle ,Gets food all over their face,Hungry ,Clean,Airplane ,Driving ,Knocked something over ,Being carried ,Sleep all the time ,Smoking ,Outlet 
4/6/2023 17:00:36,Sleep,Takeout,First steps,Peekaboo,Wrist rattles,Fart,Blowout,Sex,Airplane,Yoga,Knocked over something breakable,Everybody smiling at me,Burps,Booty call,Knife
4/6/2023 17:00:38,Free time,Baby clothes,1st birthday,Talk to baby,Rattle,Farting,For no reason,Clean,On a plane,Empty fridge/just before shopping day,Poop,Sleeping,Fart,Drinking the parents wine/alcohol ,Sockets/cables
4/6/2023 17:07:12,sleep,Diapers,First steps,Read to them,Sophie the Giraffe,Fart,Teething,Watch Telly ,Airplane,Traffic jam,Fell,Naps,Scrunches nose when smiling,Drinking alcohol,Stove
4/6/2023 17:23:32,Vacations,Baby Wipes,First solid food,Peek-A-Boo,Rattle,Toots/Gas,Overtired ,Shower,Airplane,In the car,Spit up,Cuddles ,Mumble words ,Sleeping,Litter box
4/6/2023 17:40:44,The freedom to go to a bar whenever you choose ,Diaper cream,First steps ,Get really close to their face ,Stroller toys ,Poops ,Just wants to be carried/ part of the conversation ,The dishes or laundry ,Class or the library ,In a pool or ocean ,Throw up ,The sleep ,Eats just like a baby every 3 hrs lol,Smoking ,The toilet or trash can 
4/6/2023 17:45:42,Sex,Gripe water,First steps,Sing,Mirror,Wet sloppy kisses,Pooping,Relax,Airplane,On a roadtrip,Vomit everywhere,Naps,Cries,Smoking,Scissors 
4/6/2023 17:52:57,Free schedule,Baby wipes,First birthday,Sing nursery rhymes,Crinkle cloth books,Open mouth staring ,Overstimulated ,House chores,Movie theater,Driving,Dropped the pacifier,Constant attention from loved ones,Spills food all over his shirt,Sleeping,Dirt from houseplants 
4/6/2023 17:57:41,Sleep,Diapers ,First time walking ,Peekaboo ,Rattle ,Fart,Hungry ,Clean,Airplane ,Having sex,Ate something off the floor,Sleeping as much as I want ,Eats all the time ,Drinking,Oven
4/6/2023 18:49:10,Going out for dinner ,Diapers,First steps,Make funny faces ,Nothing ,Poops loudly while smiling at you ,Hungry,Chores,Restaurant ,At work,Spit up,Sleeping all the time,Farts loudly ,Drinking alcohol ,The cat
4/6/2023 19:08:18,Sex or sleep,Wipes,Birthdays,Bouncing or movement,Rattle,Farts,Gas,Everything else,Smokers section,On a plane ,You pood your pants,Cuddles with mum or being carried 24/7,needs touch,Drinking,The stovetop
4/6/2023 19:25:56,Sleep,Baby wipes,First steps,Sing,Rattle,Drinks from a bottle,Hungry ,Eat,Airplane,On an airplane,Poonami,Being carried everywhere ,Sleep,Drinking alcohol,Hot coffee
4/6/2023 19:32:11,Sleep,Nappies,First steps,Read,Rattle,Fart,Hungry,Sleep,Plane,Supermarket ,Poo with no nappy on,Sleeping on parent,Fart,Smoking crack lol ,Cat biscuits 
4/6/2023 19:43:07,Leaving the house with minimal effort,Clothes,First word,Make funny faces ,Rattle,Farts,Gas,Sleep,Restaurant ,Public speaking,Poop explosion,Bathtime,Laughs,Smoking ,Outlet
4/6/2023 19:51:30,Social life,Diapers,First steps,Make faces,Rattle,Poops their pants,Hungry,Have sex,Movie theater,Grocery store,Spit up ,Being able to sleep anywhere,Whines,Drinking,The stove
4/6/2023 19:57:07,Sleep,Diapers,First smile,Clapping,rattle ,Fart loudly,Hungry,Sleep,Airplane,Sex,Diaper blowout,Multiple naps,Whine,Smoking,Cat’s tail
4/6/2023 20:03:13,Time,Bottles,First birthday,Funny faces ,Rattle,Shits themselves,Hungry,Sleep,Airplane,PowerPoint presentation ,Projectile spit up ,No responsibilities ,Stinky farts,Sleeping,Outlets
4/6/2023 20:18:13,Free time ,Diapers ,First step,Make funny noises ,Something shiny ,Poop their pants ,Hungry,Sleep ,Airplane ,Confessional,Make a loud noise,Sucking on titties,Be cute,Smoking weed,Candles
4/6/2023 20:27:34,Sleep,Baby wipes ,First words ,Peek a boo ,Rattle ,Fart,Tuesday,Have sex,Movie theater ,Public speaking ,Blowout ,Getting carried ,Get happy after pooping ,Filming a tiktok,Knife
4/6/2023 20:59:12,Going out,Diapers,First steps,Sing,Rattle,Fart,Hungry,Make whoopie,Airplane,Stuck in traffic,Poop explosion,Going down the slide,Talks,Calling their boyfriend,The stove
4/6/2023 21:13:53,Sleep,Diapers,First time walking,Sing,Rattle,Snore,Lonely,Laundry,A concert ,Mountain climbing,Threw up,Napping,Giggles,Playing on phone,Hot drink
4/6/2023 21:27:33,Sleep,Diapers,First words,Peek-a-boo ,Tummy time mat,Chews on dog toys,Hungry,Clean,Airplane,Grocery shopping,Blow out,Being carried everywhere,Naps,Smoking,Plants
4/6/2023 22:08:08,Sleep,Diapers,First steps,Make faces,Rattle,Fart,Tired,Laundry,Airplane,At work,Spit up,Being worn (in a carrier),Gets cranky when he doesn’t sleep enough,Messing up nap schedule ,Stove
4/6/2023 23:09:59,Free time,Diapers,First steps,Baby talk,Rattle,Drool ,Tired,Clean,Airplane,Airplane,Blowout ,New food,Wakes up too early,Having company,My coffee
4/6/2023 23:16:30,Going out to eat,Diapers,First smile,Sing,High contrast art,Fart,Over tired,Make food,Airplane,Stuck in traffic,Diaper blowout,No bills,Falls asleep anywhere,Illicit substances,Earrings
4/7/2023 0:06:48,Sleeping,Diapers,First steps,Baby talk,Rattle,Farting,Hungry,Sleep,Airplane,Grocery store,Spit up,Napping,Sleeps all sprawled out ,Drinking ,Electrical socket 
4/7/2023 0:40:55,Sleep,Diapers,Wedding,Sing,Rattle,Poop face,Hungry,Sleep,Airplane ,Traveling,Put something in mouth,No responsibilities ,Sleeps,Breastfeeding my baby,Toilet 
4/7/2023 7:27:25,Date night,Diapers,First words,Sing,Pacifier,Fart,Hungry,Sleep,Airplane,Sex,Blowout,Napping,Farts,Smoking,My hair
4/7/2023 8:02:56,Sleep,Diapers,First word,Peekaboo,Rattles,Fart,Hungry,Sleep,Library ,Out of town,Blowout,Cuddles with my mom,Farts - I constantly ask if it was him or the baby,Tv/phone too much screen time,Poopoo
4/7/2023 9:14:43,Sleep,Diapers,First steps,Peek a boo,Rattle,Crawling,Hungry,SLEEP!!!,Airplane,Traffic,Vomit/Spit up,Getting pampered,Facial expressions? lol,Smoking,Power outlet
4/7/2023 9:20:25,freedom,diapers,first day of school,make funny faces,pacifier,drool,wants to eat,clean,plane,at work,blowout the diaper,sleep,sleeps,talking on the phone,electrical outlet
4/7/2023 10:11:58,Social life,Diapers,First steps,Talk to them,Play gym ,Farts,Hungry,Sleep,Airplane ,Shopping,Poop explosion,Not having to work ,Farts,Sleeping,Oven 
4/7/2023 13:16:35,Getting sleep,Diapers and wips,First steps,Make funny faces ,Rattle ,Puts their muddle finger up,Dirty diaper,Clean bottles,A plane,At the grocery store,Had a blow out,Having someone do everything for me ,Sleep,Drinking/ smoking ,Their dirty diaper 
4/7/2023 17:34:32,Time freedom,Diapers,Walking,Peekaboo,Teether,Toot and giggle,Hungry,Sleep as well,Airplane,In the car,Blowout,Snuggle naps,Fart,Sleeping,Outlets
4/8/2023 8:51:58,Having alone time,Wipes,First steps,Tickle,Teether,Poop their pants,Not being held,Watch TV,Plane,At work,Make a mess,Naps,Poops all the time,Smoking,A knife
4/8/2023 8:55:53,Sleeping in,Diapers,First step,Dance,Rattle,Fart,Hungry,Clean,Airplane,At work,Diaper blowout,Being held,Fart,Taking pictures,Outlet
4/9/2023 20:57:59,A day off,Diapers,First steps,Hold in the air,Stuffed animal,Nursing,Pick me up!,Sleep,Airplane,Broken down car,Spit up,Being carried,Whines,Being on their phone,Small objects
4/9/2023 21:25:59,time with partner ,diapers ,graduation ,funny noises ,their own hands ,poops their pants ,hunger ,cleaning ,airplane ,traveling ,spit up,napping ,sleeps,drinking ,outlets
4/10/2023 1:31:20,Time together,Diapers,First word ,Peek a boo,Sophie the giraffe,Burp,Over tired,Sleep,Restaurant,Presentation ,Diaper blowout,Cuddles,Cranky when tired,Smoking,Poopy diaper
4/12/2023 12:16:13,Sleeping ,Burp cloths ,First words,Make faces,Crinkle books,Pooping while eating ,Sleepy ,Sleep ,Library ,Work ,Spit up,Seeing people respond to my smile ,Burp,Smoking ,Stove
4/12/2023 20:55:06,Weed,Food ,First word ,Peekaboo ,Mickey Mouse ,Poop,Gas,Sex,Plane,Gym,Poop,Sleep ,Sleep ,Drugs ,Poop
4/23/2023 5:43:23,Sex,Diapers,Birthday,Talk silly ,I’m not sure ,Fart,Sleepy,Sleep,Plane,In a taxi,Throw up ,No responsibility ,Sleep,Leaving the baby alone ,Knives